id;data_inversa;dia_semana;horario;uf;br;km;municipio;causa_acidente;tipo_acidente;classificacao_acidente;fase_dia;sentido_via;condicao_metereologica;tipo_pista;tracado_via;uso_solo;pessoas;veiculos
342416;2021-02-23;terça-feira;08:25:00;SP;116;154.0;SAO JOSE DOS CAMPOS;Reação tardia ou ineficiente do condutor;Colisão traseira;Com Vítimas Feridas;Pleno dia;Decrescente;Céu Claro;Dupla;Reta;Não;2;2
342489;2021-02-23;terça-feira;16:10:00;SP;116;203.0;ARUJA;Ausência de reação do condutor;Colisão lateral;Com Vítimas Feridas;Pleno dia;Decrescente;Céu Claro;Múltipla;Não Informado;Sim;2;2
342597;2021-02-24;quarta-feira;09:09:00;SP;116;229.0;SAO PAULO;Trafegar com motocicleta (ou similar) entre as faixas;Colisão lateral mesmo sentido;Com Vítimas Feridas;Pleno dia;Crescente;Céu Claro;Múltipla;Reta;Sim;4;3
342740;2021-02-25;quinta-feira;04:35:00;SP;116;202.8;ARUJA;Pista Escorregadia;Colisão com objeto;Sem Vítimas;Amanhecer;Decrescente;Chuva;Dupla;Não Informado;Não;2;1
342874;2021-02-25;quinta-feira;18:00:00;SP;116;220.5;GUARULHOS;Condutor deixou de manter distância do veículo da frente;Colisão traseira;Com Vítimas Feridas;Anoitecer;Crescente;Chuva;Múltipla;Reta;Sim;2;2
342920;2021-02-25;quinta-feira;22:30:00;SP;116;110.0;TAUBATE;Chuva;Colisão com objeto;Com Vítimas Feridas;Plena Noite;Decrescente;Garoa/Chuvisco;Dupla;Reta;Não;2;1
342923;2021-02-25;quinta-feira;22:15:00;SP;116;150.3;SAO JOSE DOS CAMPOS;Ingestão de álcool pelo condutor;Colisão com objeto;Sem Vítimas;Plena Noite;Crescente;Chuva;Simples;Não Informado;Sim;2;2
343013;2021-02-26;sexta-feira;11:40:00;SP;116;223.5;GUARULHOS;Acumulo de água sobre o pavimento;Tombamento;Com Vítimas Feridas;Pleno dia;Decrescente;Chuva;Múltipla;Reta;Não;1;1
343101;2021-02-26;sexta-feira;18:45:00;SP;116;160.8;JACAREI;Trafegar com motocicleta (ou similar) entre as faixas;Colisão traseira;Com Vítimas Feridas;Plena Noite;Decrescente;Garoa/Chuvisco;Dupla;Reta;Sim;3;3
343263;2021-02-27;sábado;13:30:00;SP;116;117.0;TAUBATE;Pedestre andava na pista;Atropelamento de Pedestre;Com Vítimas Feridas;Pleno dia;Decrescente;Céu Claro;Dupla;Reta;Não;3;1
343362;2021-02-27;sábado;22:20:00;SP;116;224.0;GUARULHOS;Demais falhas mecânicas ou elétricas;Queda de ocupante de veículo;Com Vítimas Feridas;Plena Noite;Crescente;Chuva;Múltipla;Reta;Sim;1;1
343385;2021-02-28;domingo;02:00:00;SP;116;136.0;SAO JOSE DOS CAMPOS;Reação tardia ou ineficiente do condutor;Colisão com objeto;Com Vítimas Feridas;Plena Noite;Crescente;Nublado;Dupla;Retorno Regulamentado;Sim;1;1
343441;2021-02-28;domingo;10:10:00;SP;116;122.0;CACAPAVA;Avarias e/ou desgaste excessivo no pneu;Queda de ocupante de veículo;Com Vítimas Feridas;Pleno dia;Crescente;Nublado;Dupla;Reta;Não;2;1
343547;2021-02-28;domingo;21:50:00;SP;116;227.0;SAO PAULO;Condutor deixou de manter distância do veículo da frente;Colisão traseira;Com Vítimas Feridas;Plena Noite;Decrescente;Nublado;Múltipla;Reta;Não;2;2
343600;2021-03-01;segunda-feira;06:00:00;SP;116;194.8;SANTA ISABEL;Condutor Dormindo;Colisão lateral mesmo sentido;Com Vítimas Feridas;Amanhecer;Crescente;Sol;Dupla;Reta;Não;2;2
343710;2021-03-01;segunda-feira;18:00:00;SP;116;207.0;GUARULHOS;Problema com o freio;Colisão traseira;Com Vítimas Feridas;Anoitecer;Crescente;Céu Claro;Múltipla;Não Informado;Sim;2;2
343839;2021-03-02;terça-feira;13:00:00;SP;116;216.0;GUARULHOS;Problema na suspensão;Colisão com objeto;Com Vítimas Feridas;Pleno dia;Decrescente;Céu Claro;Múltipla;Reta;Sim;1;1
343882;2021-03-02;terça-feira;18:20:00;SP;116;218.8;GUARULHOS;Reação tardia ou ineficiente do condutor;Colisão traseira;Com Vítimas Feridas;Anoitecer;Decrescente;Nublado;Múltipla;Reta;Sim;2;2
344014;2021-03-03;quarta-feira;13:50:00;SP;116;154.0;SAO JOSE DOS CAMPOS;Reação tardia ou ineficiente do condutor;Queda de ocupante de veículo;Com Vítimas Feridas;Pleno dia;Crescente;Céu Claro;Múltipla;Reta;Não;1;1
344025;2021-03-03;quarta-feira;14:00:00;SP;116;141.5;SAO JOSE DOS CAMPOS;Condutor deixou de manter distância do veículo da frente;Colisão traseira;Com Vítimas Feridas;Pleno dia;Crescente;Nublado;Dupla;Reta;Não;3;2
344258;2021-03-04;quinta-feira;18:20:00;SP;116;221.0;GUARULHOS;Condutor deixou de manter distância do veículo da frente;Colisão traseira;Sem Vítimas;Anoitecer;Decrescente;Nublado;Múltipla;Reta;Sim;2;2
344310;2021-03-05;sexta-feira;00:05:00;SP;116;213.0;GUARULHOS;Pista Escorregadia;Colisão com objeto;Com Vítimas Feridas;Plena Noite;Decrescente;Nublado;Múltipla;Reta;Não;3;2
344501;2021-03-05;sexta-feira;20:00:00;SP;116;215.0;GUARULHOS;Manobra de mudança de faixa;Colisão lateral mesmo sentido;Sem Vítimas;Plena Noite;Decrescente;Céu Claro;Múltipla;Reta;Sim;2;2
344798;2021-03-07;domingo;06:30:00;SP;116;188.0;SANTA ISABEL;Pista Escorregadia;Saída de leito carroçável;Com Vítimas Feridas;Pleno dia;Decrescente;Chuva;Dupla;Reta;Não;5;1
344847;2021-03-07;domingo;14:34:00;SP;116;192.0;SANTA ISABEL;Velocidade Incompatível;Saída de leito carroçável;Sem Vítimas;Pleno dia;Decrescente;Garoa/Chuvisco;Dupla;Curva;Não;2;1
344886;2021-03-07;domingo;14:15:00;SP;116;206.0;GUARULHOS;Velocidade Incompatível;Colisão lateral mesmo sentido;Com Vítimas Feridas;Pleno dia;Decrescente;Céu Claro;Múltipla;Reta;Não;2;2
344925;2021-03-07;domingo;20:10:00;SP;116;162.0;JACAREI;Reação tardia ou ineficiente do condutor;Colisão com objeto;Sem Vítimas;Plena Noite;Crescente;Céu Claro;Dupla;Curva;Não;1;1
344946;2021-03-07;domingo;21:45:00;SP;116;207.0;GUARULHOS;Velocidade Incompatível;Colisão traseira;Com Vítimas Feridas;Plena Noite;Decrescente;Garoa/Chuvisco;Dupla;Reta;Sim;6;2
345276;2021-03-09;terça-feira;16:45:00;SP;116;213.9;GUARULHOS;Avarias e/ou desgaste excessivo no pneu;Queda de ocupante de veículo;Com Vítimas Feridas;Pleno dia;Decrescente;Nublado;Dupla;Reta;Sim;1;1
345288;2021-03-09;terça-feira;17:30:00;SP;116;214.0;GUARULHOS;Avarias e/ou desgaste excessivo no pneu;Tombamento;Com Vítimas Feridas;Pleno dia;Decrescente;Nublado;Múltipla;Reta;Sim;2;1
345375;2021-03-10;quarta-feira;06:19:00;SP;116;212.5;GUARULHOS;Acessar a via sem observar a presença dos outros veículos;Colisão traseira;Com Vítimas Feridas;Pleno dia;Crescente;Céu Claro;Múltipla;Reta;Sim;2;2
345723;2021-03-12;sexta-feira;01:45:00;SP;116;212.3;GUARULHOS;Reação tardia ou ineficiente do condutor;Colisão lateral mesmo sentido;Com Vítimas Feridas;Plena Noite;Decrescente;Céu Claro;Múltipla;Reta;Não;3;2
345784;2021-03-12;sexta-feira;09:50:00;SP;116;100.3;PINDAMONHANGABA;Condutor deixou de manter distância do veículo da frente;Engavetamento;Com Vítimas Feridas;Pleno dia;Crescente;Céu Claro;Dupla;Reta;Não;4;3
345806;2021-03-12;sexta-feira;12:00:00;SP;116;212.0;GUARULHOS;Condutor deixou de manter distância do veículo da frente;Colisão traseira;Sem Vítimas;Pleno dia;Decrescente;Céu Claro;Dupla;Reta;Não;2;2
345891;2021-03-12;sexta-feira;18:15:00;SP;116;225.6;GUARULHOS;Manobra de mudança de faixa;Tombamento;Com Vítimas Feridas;Anoitecer;Decrescente;Nublado;Múltipla;Reta;Sim;1;1
345986;2021-03-13;sábado;02:52:00;SP;116;140.5;SAO JOSE DOS CAMPOS;Condutor Dormindo;Colisão com objeto;Com Vítimas Feridas;Plena Noite;Crescente;Céu Claro;Dupla;Reta;Não;1;1
346103;2021-03-13;sábado;20:15:00;SP;116;223.6;GUARULHOS;Condutor deixou de manter distância do veículo da frente;Colisão traseira;Com Vítimas Feridas;Plena Noite;Decrescente;Céu Claro;Múltipla;Reta;Sim;1;1
346106;2021-03-13;sábado;20:15:00;SP;116;223.0;GUARULHOS;Transitar no acostamento;Colisão traseira;Com Vítimas Feridas;Plena Noite;Crescente;Céu Claro;Múltipla;Reta;Sim;3;2
346242;2021-03-14;domingo;18:00:00;SP;116;173.0;JACAREI;Demais falhas mecânicas ou elétricas;Saída de leito carroçável;Sem Vítimas;Anoitecer;Decrescente;Chuva;Dupla;Não Informado;Não;1;1
346310;2021-03-14;domingo;21:05:00;SP;116;158.8;JACAREI;Velocidade Incompatível;Colisão com objeto;Com Vítimas Feridas;Plena Noite;Crescente;Céu Claro;Dupla;Reta;Sim;4;1
346329;2021-03-15;segunda-feira;01:10:00;SP;116;146.5;SAO JOSE DOS CAMPOS;Ausência de reação do condutor;Colisão traseira;Com Vítimas Feridas;Plena Noite;Decrescente;Nublado;Dupla;Não Informado;Sim;2;2
346493;2021-03-16;terça-feira;07:05:00;SP;116;221.0;GUARULHOS;Manobra de mudança de faixa;Colisão traseira;Com Vítimas Feridas;Pleno dia;Crescente;Céu Claro;Múltipla;Reta;Sim;2;2
346502;2021-03-16;terça-feira;08:05:00;SP;116;158.0;JACAREI;Curva acentuada;Queda de ocupante de veículo;Com Vítimas Feridas;Pleno dia;Crescente;Nublado;Dupla;Não Informado;Sim;1;1
346546;2021-03-16;terça-feira;14:15:00;SP;116;199.0;ARUJA;Pedestre cruzava a pista fora da faixa;Atropelamento de Pedestre;Com Vítimas Feridas;Pleno dia;Crescente;Céu Claro;Múltipla;Reta;Sim;2;1
346556;2021-03-16;terça-feira;15:40:00;SP;116;211.0;GUARULHOS;Manobra de mudança de faixa;Colisão lateral mesmo sentido;Com Vítimas Feridas;Pleno dia;Decrescente;Sol;Múltipla;Reta;Sim;2;2
346580;2021-03-16;terça-feira;17:30:00;SP;116;139.3;SAO JOSE DOS CAMPOS;Ausência de reação do condutor;Colisão traseira;Com Vítimas Feridas;Pleno dia;Crescente;Céu Claro;Dupla;Reta;Não;2;2
346598;2021-03-16;terça-feira;18:45:00;SP;116;127.0;CACAPAVA;Entrada inopinada do pedestre;Atropelamento de Pedestre;Com Vítimas Feridas;Anoitecer;Crescente;Céu Claro;Dupla;Reta;Sim;3;1
346977;2021-03-19;sexta-feira;06:45:00;SP;116;221.0;GUARULHOS;Condutor deixou de manter distância do veículo da frente;Colisão traseira;Com Vítimas Feridas;Amanhecer;Crescente;Céu Claro;Múltipla;Reta;Sim;2;2
347002;2021-03-19;sexta-feira;09:04:00;SP;116;228.0;SAO PAULO;Condutor deixou de manter distância do veículo da frente;Colisão traseira;Com Vítimas Feridas;Pleno dia;Crescente;Céu Claro;Múltipla;Reta;Sim;2;2
347004;2021-03-19;sexta-feira;09:40:00;SP;116;219.8;GUARULHOS;Avarias e/ou desgaste excessivo no pneu;Colisão com objeto;Com Vítimas Feridas;Pleno dia;Decrescente;Sol;Dupla;Reta;Sim;3;1
347139;2021-03-19;sexta-feira;22:00:00;SP;116;149.0;SAO JOSE DOS CAMPOS;Ausência de reação do condutor;Saída de leito carroçável;Sem Vítimas;Plena Noite;Decrescente;Céu Claro;Dupla;Reta;Sim;1;1
347234;2021-03-20;sábado;13:40:00;SP;116;181.0;GUARAREMA;Mal súbito do condutor;Colisão com objeto;Com Vítimas Feridas;Pleno dia;Crescente;Céu Claro;Múltipla;Reta;Não;1;1
347293;2021-03-20;sábado;19:30:00;SP;116;227.6;GUARULHOS;Ausência de reação do condutor;Colisão traseira;Sem Vítimas;Plena Noite;Decrescente;Nublado;Múltipla;Reta;Não;2;2
347321;2021-03-20;sábado;22:10:00;SP;116;178.8;GUARAREMA;Entrada inopinada do pedestre;Atropelamento de Pedestre;Com Vítimas Fatais;Plena Noite;Crescente;Céu Claro;Dupla;Reta;Não;2;1
347653;2021-03-22;segunda-feira;18:00:00;SP;116;218.7;GUARULHOS;Ausência de reação do condutor;Colisão lateral mesmo sentido;Com Vítimas Feridas;Anoitecer;Decrescente;Nublado;Múltipla;Reta;Sim;2;2
347757;2021-03-23;terça-feira;14:20:00;SP;116;223.0;GUARULHOS;Avarias e/ou desgaste excessivo no pneu;Tombamento;Com Vítimas Feridas;Pleno dia;Decrescente;Céu Claro;Múltipla;Reta;Sim;2;1
347955;2021-03-24;quarta-feira;16:15:00;SP;116;153.0;SAO JOSE DOS CAMPOS;Velocidade Incompatível;Colisão traseira;Com Vítimas Feridas;Pleno dia;Decrescente;Céu Claro;Dupla;Reta;Sim;2;2
347964;2021-03-24;quarta-feira;19:00:00;SP;116;182.0;GUARAREMA;Condutor deixou de manter distância do veículo da frente;Colisão traseira;Sem Vítimas;Plena Noite;Decrescente;Céu Claro;Dupla;Reta;Sim;3;2
348030;2021-03-25;quinta-feira;08:05:00;SP;116;220.5;GUARULHOS;Trafegar com motocicleta (ou similar) entre as faixas;Colisão lateral mesmo sentido;Com Vítimas Feridas;Pleno dia;Decrescente;Céu Claro;Múltipla;Reta;Sim;2;2
348035;2021-03-25;quinta-feira;08:45:00;SP;116;221.0;GUARULHOS;Condutor deixou de manter distância do veículo da frente;Engavetamento;Sem Vítimas;Pleno dia;Decrescente;Sol;Múltipla;Reta;Sim;3;3
348061;2021-03-25;quinta-feira;11:25:00;SP;116;226.0;GUARULHOS;Ausência de reação do condutor;Colisão traseira;Com Vítimas Feridas;Pleno dia;Decrescente;Céu Claro;Dupla;Não Informado;Sim;2;2
348157;2021-03-25;quinta-feira;21:50:00;SP;116;145.0;SAO JOSE DOS CAMPOS;Condutor deixou de manter distância do veículo da frente;Tombamento;Com Vítimas Feridas;Plena Noite;Crescente;Céu Claro;Dupla;Desvio Temporário;Sim;1;1
348190;2021-03-26;sexta-feira;04:30:00;SP;116;228.0;SAO PAULO;Ingestão de álcool pelo condutor;Colisão com objeto;Com Vítimas Feridas;Plena Noite;Decrescente;Céu Claro;Múltipla;Reta;Sim;1;1
348295;2021-03-26;sexta-feira;16:55:00;SP;116;210.0;GUARULHOS;Condutor deixou de manter distância do veículo da frente;Colisão lateral mesmo sentido;Com Vítimas Feridas;Pleno dia;Crescente;Chuva;Simples;Reta;Não;2;2
348325;2021-03-26;sexta-feira;19:20:00;SP;116;210.0;GUARULHOS;Reação tardia ou ineficiente do condutor;Engavetamento;Com Vítimas Feridas;Plena Noite;Decrescente;Nublado;Dupla;Reta;Sim;5;3
348398;2021-03-27;sábado;06:50:00;SP;116;153.8;SAO JOSE DOS CAMPOS;Pista Escorregadia;Tombamento;Com Vítimas Feridas;Pleno dia;Crescente;Céu Claro;Múltipla;Retorno Regulamentado;Sim;1;1
348469;2021-03-27;sábado;15:45:00;SP;116;229.0;SAO PAULO;Ausência de reação do condutor;Colisão traseira;Com Vítimas Feridas;Pleno dia;Decrescente;Céu Claro;Múltipla;Reta;Sim;4;2
348540;2021-03-27;sábado;22:15:00;SP;116;148.0;SAO JOSE DOS CAMPOS;Pedestre andava na pista;Atropelamento de Pedestre;Com Vítimas Feridas;Plena Noite;Decrescente;Céu Claro;Dupla;Reta;Não;2;2
348621;2021-03-28;domingo;12:40:00;SP;116;219.0;GUARULHOS;Velocidade Incompatível;Queda de ocupante de veículo;Com Vítimas Feridas;Pleno dia;Crescente;Nublado;Múltipla;Reta;Não;2;2
348640;2021-03-28;domingo;16:22:00;SP;116;213.0;GUARULHOS;Ausência de reação do condutor;Colisão com objeto;Com Vítimas Feridas;Pleno dia;Decrescente;Nublado;Múltipla;Desvio Temporário;Sim;1;1
348713;2021-03-28;domingo;22:05:00;SP;116;223.0;GUARULHOS;Velocidade Incompatível;Capotamento;Com Vítimas Feridas;Plena Noite;Decrescente;Nublado;Múltipla;Reta;Sim;3;1
348802;2021-03-29;segunda-feira;03:35:00;SP;116;222.8;GUARULHOS;Ausência de reação do condutor;Colisão com objeto;Sem Vítimas;Plena Noite;Decrescente;Nublado;Múltipla;Reta;Sim;1;1
349057;2021-03-30;terça-feira;17:40:00;SP;116;148.3;SAO JOSE DOS CAMPOS;Condutor deixou de manter distância do veículo da frente;Colisão traseira;Com Vítimas Feridas;Anoitecer;Decrescente;Chuva;Múltipla;Reta;Sim;5;2
349386;2021-04-01;quinta-feira;15:50:00;SP;116;105.0;TAUBATE;Condutor deixou de manter distância do veículo da frente;Colisão traseira;Sem Vítimas;Pleno dia;Decrescente;Céu Claro;Dupla;Reta;Não;2;2
349506;2021-04-02;sexta-feira;01:00:00;SP;116;211.5;GUARULHOS;Ingestão de álcool pelo condutor;Colisão com objeto;Sem Vítimas;Plena Noite;Decrescente;Nublado;Múltipla;Não Informado;Não;1;1
349599;2021-04-02;sexta-feira;18:10:00;SP;116;221.0;GUARULHOS;Acessar a via sem observar a presença dos outros veículos;Colisão traseira;Com Vítimas Feridas;Anoitecer;Decrescente;Céu Claro;Dupla;Reta;Sim;3;2
349640;2021-04-02;sexta-feira;22:20:00;SP;116;146.2;SAO JOSE DOS CAMPOS;Velocidade Incompatível;Colisão traseira;Com Vítimas Feridas;Plena Noite;Crescente;Céu Claro;Dupla;Reta;Não;2;2
349861;2021-04-04;domingo;13:00:00;SP;116;116.0;TAUBATE;Avarias e/ou desgaste excessivo no pneu;Queda de ocupante de veículo;Com Vítimas Feridas;Pleno dia;Decrescente;Céu Claro;Dupla;Reta;Não;2;1
350027;2021-04-05;segunda-feira;07:45:00;SP;116;145.0;SAO JOSE DOS CAMPOS;Condutor deixou de manter distância do veículo da frente;Colisão traseira;Com Vítimas Feridas;Pleno dia;Crescente;Sol;Múltipla;Desvio Temporário;Não;2;2
350038;2021-04-05;segunda-feira;07:30:00;SP;116;140.0;SAO JOSE DOS CAMPOS;Manobra de mudança de faixa;Colisão traseira;Com Vítimas Feridas;Pleno dia;Crescente;Sol;Dupla;Reta;Não;3;2
350113;2021-04-05;segunda-feira;17:55:00;SP;116;220.0;GUARULHOS;Condutor deixou de manter distância do veículo da frente;Colisão lateral mesmo sentido;Com Vítimas Feridas;Anoitecer;Decrescente;Céu Claro;Simples;Reta;Não;3;2
350297;2021-04-06;terça-feira;18:10:00;SP;116;225.0;GUARULHOS;Manobra de mudança de faixa;Tombamento;Com Vítimas Feridas;Plena Noite;Decrescente;Chuva;Múltipla;Reta;Sim;1;1
350298;2021-04-06;terça-feira;18:30:00;SP;116;162.0;JACAREI;Manobra de mudança de faixa;Colisão lateral mesmo sentido;Com Vítimas Feridas;Plena Noite;Decrescente;Chuva;Dupla;Reta;Não;1;1
350351;2021-04-07;quarta-feira;00:10:00;SP;116;159.0;JACAREI;Ausência de reação do condutor;Tombamento;Com Vítimas Fatais;Plena Noite;Crescente;Chuva;Dupla;Reta;Sim;4;4
350447;2021-04-07;quarta-feira;08:30:00;SP;116;229.0;SAO PAULO;Trafegar com motocicleta (ou similar) entre as faixas;Colisão traseira;Com Vítimas Feridas;Pleno dia;Crescente;Céu Claro;Múltipla;Reta;Sim;2;2
350566;2021-04-08;quinta-feira;08:00:00;SP;116;195.0;ARUJA;Reação tardia ou ineficiente do condutor;Colisão traseira;Sem Vítimas;Pleno dia;Decrescente;Céu Claro;Dupla;Reta;Sim;3;2
350628;2021-04-08;quinta-feira;17:00:00;SP;116;216.0;GUARULHOS;Demais falhas na via;Eventos atípicos;Com Vítimas Feridas;Pleno dia;Decrescente;Céu Claro;Múltipla;Reta;Não;1;1
350665;2021-04-08;quinta-feira;21:10:00;SP;116;210.0;GUARULHOS;Trafegar com motocicleta (ou similar) entre as faixas;Tombamento;Com Vítimas Feridas;Plena Noite;Crescente;Céu Claro;Dupla;Não Informado;Não;1;1
350676;2021-04-08;quinta-feira;22:00:00;SP;116;158.0;JACAREI;Curva acentuada;Tombamento;Com Vítimas Feridas;Plena Noite;Crescente;Céu Claro;Dupla;Não Informado;Não;1;1
350799;2021-04-09;sexta-feira;17:00:00;SP;116;145.0;SAO JOSE DOS CAMPOS;Condutor deixou de manter distância do veículo da frente;Colisão traseira;Com Vítimas Feridas;Pleno dia;Crescente;Céu Claro;Dupla;Reta;Não;2;2
350810;2021-04-09;sexta-feira;17:40:00;SP;116;139.7;SAO JOSE DOS CAMPOS;Frear bruscamente;Colisão traseira;Com Vítimas Feridas;Anoitecer;Crescente;Nublado;Dupla;Reta;Não;2;2
350854;2021-04-09;sexta-feira;21:50:00;SP;116;218.0;GUARULHOS;Pedestre andava na pista;Atropelamento de Pedestre;Com Vítimas Fatais;Plena Noite;Decrescente;Céu Claro;Múltipla;Reta;Sim;2;1
351011;2021-04-10;sábado;15:40:00;SP;116;125.0;CACAPAVA;Ingestão de álcool pelo condutor;Saída de leito carroçável;Sem Vítimas;Pleno dia;Decrescente;Sol;Simples;Curva;Sim;1;1
351154;2021-04-11;domingo;10:30:00;SP;116;192.7;SANTA ISABEL;Manobra de mudança de faixa;Colisão lateral mesmo sentido;Com Vítimas Feridas;Pleno dia;Decrescente;Céu Claro;Dupla;Curva;Não;3;2
351366;2021-04-12;segunda-feira;09:30:00;SP;116;201.0;ARUJA;Reação tardia ou ineficiente do condutor;Saída de leito carroçável;Com Vítimas Feridas;Pleno dia;Decrescente;Céu Claro;Múltipla;Curva;Não;1;1
351430;2021-04-12;segunda-feira;14:00:00;SP;116;115.0;TAUBATE;Ausência de reação do condutor;Colisão lateral mesmo sentido;Com Vítimas Feridas;Pleno dia;Crescente;Sol;Dupla;Interseção de vias;Sim;2;2
351441;2021-04-12;segunda-feira;16:55:00;SP;116;229.0;SAO PAULO;Condutor deixou de manter distância do veículo da frente;Colisão lateral mesmo sentido;Com Vítimas Feridas;Pleno dia;Decrescente;Céu Claro;Simples;Reta;Não;2;2
351589;2021-04-13;terça-feira;13:00:00;SP;116;147.0;SAO JOSE DOS CAMPOS;Estacionar ou parar em local proibido;Colisão traseira;Com Vítimas Feridas;Pleno dia;Crescente;Céu Claro;Simples;Reta;Sim;2;2
351592;2021-04-13;terça-feira;13:00:00;SP;116;218.6;GUARULHOS;Acumulo de óleo sobre o pavimento;Tombamento;Com Vítimas Feridas;Pleno dia;Decrescente;Nublado;Múltipla;Reta;Não;1;1
351602;2021-04-12;segunda-feira;11:15:00;SP;116;219.0;GUARULHOS;Condutor deixou de manter distância do veículo da frente;Colisão traseira;Com Vítimas Feridas;Pleno dia;Crescente;Céu Claro;Simples;Curva;Sim;3;2
351626;2021-04-13;terça-feira;16:55:00;SP;116;117.0;TAUBATE;Reação tardia ou ineficiente do condutor;Tombamento;Com Vítimas Feridas;Pleno dia;Decrescente;Nublado;Dupla;Reta;Não;1;1
351790;2021-04-14;quarta-feira;18:30:00;SP;116;229.0;SAO PAULO;Condutor deixou de manter distância do veículo da frente;Colisão frontal;Com Vítimas Feridas;Plena Noite;Decrescente;Céu Claro;Simples;Reta;Não;3;2
351810;2021-04-14;quarta-feira;20:00:00;SP;116;99.0;PINDAMONHANGABA;Conversão proibida;Colisão transversal;Com Vítimas Feridas;Plena Noite;Crescente;Céu Claro;Simples;Reta;Não;2;2
351865;2021-04-15;quinta-feira;07:00:00;SP;116;144.0;SAO JOSE DOS CAMPOS;Condutor deixou de manter distância do veículo da frente;Colisão traseira;Com Vítimas Feridas;Pleno dia;Crescente;Céu Claro;Dupla;Reta;Sim;3;2
352033;2021-04-16;sexta-feira;01:45:00;SP;116;146.1;SAO JOSE DOS CAMPOS;Avarias e/ou desgaste excessivo no pneu;Tombamento;Com Vítimas Feridas;Plena Noite;Crescente;Céu Claro;Dupla;Não Informado;Sim;2;1
352194;2021-04-16;sexta-feira;19:00:00;SP;116;219.0;GUARULHOS;Ausência de reação do condutor;Colisão lateral mesmo sentido;Sem Vítimas;Pleno dia;Decrescente;Céu Claro;Múltipla;Reta;Não;2;2
352305;2021-04-17;sábado;13:00:00;SP;116;220.0;GUARULHOS;Obras na pista;Queda de ocupante de veículo;Com Vítimas Feridas;Pleno dia;Decrescente;Nublado;Múltipla;Reta;Não;2;2
352356;2021-04-17;sábado;17:00:00;SP;116;224.0;GUARULHOS;Avarias e/ou desgaste excessivo no pneu;Colisão traseira;Com Vítimas Feridas;Pleno dia;Decrescente;Nublado;Múltipla;Reta;Não;2;2
352528;2021-04-18;domingo;13:05:00;SP;116;188.8;SANTA ISABEL;Pista Escorregadia;Colisão com objeto;Com Vítimas Feridas;Pleno dia;Decrescente;Nublado;Dupla;Desvio Temporário;Não;2;1
352554;2021-04-18;domingo;17:10:00;SP;116;210.3;GUARULHOS;Manobra de mudança de faixa;Colisão com objeto;Com Vítimas Feridas;Pleno dia;Crescente;Nublado;Dupla;Reta;Sim;2;1
352620;2021-04-18;domingo;21:25:00;SP;116;158.0;JACAREI;Chuva;Tombamento;Com Vítimas Feridas;Plena Noite;Crescente;Chuva;Dupla;Curva;Sim;2;1
352667;2021-04-19;segunda-feira;05:40:00;SP;116;181.0;SANTA ISABEL;Transitar no acostamento;Colisão lateral mesmo sentido;Com Vítimas Feridas;Amanhecer;Crescente;Nublado;Dupla;Reta;Não;1;1
352681;2021-04-19;segunda-feira;07:40:00;SP;116;216.8;GUARULHOS;Manobra de mudança de faixa;Colisão lateral mesmo sentido;Com Vítimas Feridas;Pleno dia;Crescente;Nublado;Dupla;Reta;Sim;3;3
352803;2021-04-19;segunda-feira;17:45:00;SP;116;220.5;GUARULHOS;Reação tardia ou ineficiente do condutor;Colisão traseira;Com Vítimas Feridas;Anoitecer;Crescente;Céu Claro;Múltipla;Reta;Sim;2;2