id;data_inversa;dia_semana;horario;uf;br;km;municipio;causa_acidente;tipo_acidente;classificacao_acidente;fase_dia;sentido_via;condicao_metereologica;tipo_pista;tracado_via;uso_solo;pessoas;veiculos
359104;2021-05-21;sexta-feira;18:20:00;SP;116;117.0;TAUBATE;Acessar a via sem observar a presença dos outros veículos;Colisão traseira;Com Vítimas Feridas;Plena Noite;Crescente;Nublado;Dupla;Reta;Não;3;2
359365;2021-05-22;sábado;20:15:00;SP;116;222.0;GUARULHOS;Reação tardia ou ineficiente do condutor;Colisão lateral mesmo sentido;Com Vítimas Feridas;Plena Noite;Decrescente;Nublado;Dupla;Reta;Sim;4;2
359394;2021-05-22;sábado;19:00:00;SP;116;168.0;JACAREI;Ausência de reação do condutor;Saída de leito carroçável;Com Vítimas Feridas;Plena Noite;Crescente;Céu Claro;Múltipla;Não Informado;Não;1;1
359456;2021-05-23;domingo;04:00:00;SP;116;149.0;SAO JOSE DOS CAMPOS;Condutor deixou de manter distância do veículo da frente;Colisão traseira;Sem Vítimas;Plena Noite;Crescente;Nevoeiro/Neblina;Dupla;Reta;Não;2;2
359570;2021-05-23;domingo;19:20:00;SP;116;221.0;GUARULHOS;Ultrapassagem Indevida;Colisão com objeto;Com Vítimas Feridas;Plena Noite;Decrescente;Nublado;Múltipla;Reta;Não;3;1
359625;2021-05-23;domingo;22:50:00;SP;116;115.0;TAUBATE;Ausência de reação do condutor;Colisão com objeto;Com Vítimas Feridas;Plena Noite;Crescente;Céu Claro;Dupla;Reta;Não;1;1
359626;2021-05-23;domingo;22:45:00;SP;116;155.8;SAO JOSE DOS CAMPOS;Ingestão de álcool pelo condutor;Colisão com objeto;Sem Vítimas;Plena Noite;Decrescente;Céu Claro;Dupla;Reta;Sim;1;1
359637;2021-05-23;domingo;23:55:00;SP;116;200.0;ARUJA;Obstrução na via;Colisão traseira;Sem Vítimas;Plena Noite;Crescente;Nublado;Múltipla;Reta;Não;2;2
359660;2021-05-23;domingo;23:10:00;SP;116;149.7;SAO JOSE DOS CAMPOS;Acessar a via sem observar a presença dos outros veículos;Colisão traseira;Com Vítimas Feridas;Plena Noite;Decrescente;Céu Claro;Múltipla;Curva;Sim;6;2
359779;2021-05-24;segunda-feira;20:10:00;SP;116;207.0;GUARULHOS;Avarias e/ou desgaste excessivo no pneu;Colisão com objeto;Com Vítimas Feridas;Plena Noite;Crescente;Vento;Dupla;Reta;Sim;1;1
359823;2021-05-25;terça-feira;08:15:00;SP;116;227.0;SAO PAULO;Manobra de mudança de faixa;Colisão traseira;Com Vítimas Feridas;Pleno dia;Crescente;Céu Claro;Múltipla;Reta;Sim;8;3
359905;2021-05-25;terça-feira;15:30:00;SP;116;136.4;SAO JOSE DOS CAMPOS;Demais falhas mecânicas ou elétricas;Incêndio;Sem Vítimas;Pleno dia;Decrescente;Sol;Dupla;Reta;Sim;4;1
360010;2021-03-23;terça-feira;11:05:00;SP;116;209.0;GUARULHOS;Velocidade Incompatível;Colisão lateral mesmo sentido;Com Vítimas Feridas;Pleno dia;Decrescente;Céu Claro;Dupla;Desvio Temporário;Sim;2;2
360015;2021-05-26;quarta-feira;08:25:00;SP;116;218.6;GUARULHOS;Trafegar com motocicleta (ou similar) entre as faixas;Colisão traseira;Com Vítimas Feridas;Pleno dia;Crescente;Céu Claro;Múltipla;Reta;Sim;2;2
360080;2021-05-26;quarta-feira;15:55:00;SP;116;221.0;GUARULHOS;Acesso irregular;Saída de leito carroçável;Com Vítimas Feridas;Pleno dia;Crescente;Céu Claro;Múltipla;Reta;Sim;1;1
360131;2021-05-26;quarta-feira;19:10:00;SP;116;150.0;SAO JOSE DOS CAMPOS;Ausência de reação do condutor;Colisão traseira;Sem Vítimas;Plena Noite;Decrescente;Céu Claro;Dupla;Reta;Sim;2;2
360226;2021-05-27;quinta-feira;09:00:00;SP;116;226.2;GUARULHOS;Mal súbito do condutor;Colisão traseira;Com Vítimas Feridas;Pleno dia;Crescente;Sol;Múltipla;Reta;Sim;2;2
360227;2021-05-27;quinta-feira;09:00:00;SP;116;226.4;GUARULHOS;Manobra de mudança de faixa;Colisão lateral mesmo sentido;Com Vítimas Feridas;Pleno dia;Crescente;Céu Claro;Múltipla;Reta;Sim;2;2
360374;2021-05-28;sexta-feira;04:15:00;SP;116;215.0;GUARULHOS;Ingestão de álcool pelo condutor;Colisão com objeto;Com Vítimas Feridas;Plena Noite;Decrescente;Céu Claro;Múltipla;Reta;Sim;1;1
360376;2021-05-28;sexta-feira;06:20:00;SP;116;186.0;SANTA ISABEL;Curva acentuada;Colisão traseira;Com Vítimas Feridas;Amanhecer;Crescente;Nublado;Múltipla;Curva;Não;1;1
360397;2021-05-28;sexta-feira;07:40:00;SP;116;207.0;GUARULHOS;Condutor deixou de manter distância do veículo da frente;Colisão traseira;Com Vítimas Feridas;Pleno dia;Crescente;Nublado;Dupla;Reta;Sim;2;2
360461;2021-05-28;sexta-feira;13:30:00;SP;116;131.0;CACAPAVA;Avarias e/ou desgaste excessivo no pneu;Queda de ocupante de veículo;Com Vítimas Feridas;Pleno dia;Decrescente;Céu Claro;Dupla;Reta;Sim;2;1
360578;2021-05-28;sexta-feira;22:35:00;SP;116;109.0;TAUBATE;Velocidade Incompatível;Queda de ocupante de veículo;Com Vítimas Feridas;Plena Noite;Decrescente;Nublado;Dupla;Reta;Sim;1;1
360658;2021-05-29;sábado;08:15:00;SP;116;134.0;CACAPAVA;Velocidade Incompatível;Colisão com objeto;Com Vítimas Feridas;Pleno dia;Crescente;Céu Claro;Dupla;Reta;Sim;1;1
360666;2021-05-29;sábado;06:40:00;SP;116;214.0;GUARULHOS;Ingestão de álcool pelo condutor;Colisão traseira;Com Vítimas Feridas;Pleno dia;Decrescente;Garoa/Chuvisco;Múltipla;Não Informado;Sim;3;2
360711;2021-05-29;sábado;12:30:00;SP;116;160.6;JACAREI;Condutor deixou de manter distância do veículo da frente;Colisão traseira;Com Vítimas Feridas;Pleno dia;Decrescente;Nublado;Múltipla;Reta;Sim;2;2
360820;2021-05-29;sábado;20:00:00;SP;116;190.1;SANTA ISABEL;Reação tardia ou ineficiente do condutor;Colisão traseira;Sem Vítimas;Plena Noite;Decrescente;Céu Claro;Dupla;Reta;Não;3;3
360877;2021-05-29;sábado;23:35:00;SP;116;220.3;GUARULHOS;Ausência de reação do condutor;Colisão com objeto;Com Vítimas Feridas;Plena Noite;Crescente;Céu Claro;Múltipla;Reta;Sim;1;1
360884;2021-05-30;domingo;00:45:00;SP;116;223.0;GUARULHOS;Ingestão de álcool pelo condutor;Colisão traseira;Com Vítimas Feridas;Plena Noite;Decrescente;Céu Claro;Múltipla;Reta;Não;3;2
360897;2021-05-30;domingo;02:40:00;SP;116;141.3;SAO JOSE DOS CAMPOS;Reação tardia ou ineficiente do condutor;Saída de leito carroçável;Sem Vítimas;Plena Noite;Decrescente;Céu Claro;Dupla;Reta;Sim;1;1
360907;2021-05-30;domingo;04:59:00;SP;116;214.0;GUARULHOS;Ausência de reação do condutor;Colisão com objeto;Com Vítimas Feridas;Plena Noite;Crescente;Céu Claro;Dupla;Reta;Sim;1;1
361028;2021-05-30;domingo;17:45:00;SP;116;209.0;GUARULHOS;Acesso irregular;Colisão transversal;Com Vítimas Feridas;Plena Noite;Crescente;Nublado;Dupla;Reta;Sim;2;2
361036;2021-05-30;domingo;19:20:00;SP;116;225.0;GUARULHOS;Chuva;Tombamento;Com Vítimas Feridas;Plena Noite;Decrescente;Nublado;Múltipla;Reta;Sim;1;1
361039;2021-05-30;domingo;19:50:00;SP;116;165.0;JACAREI;Reação tardia ou ineficiente do condutor;Engavetamento;Sem Vítimas;Plena Noite;Decrescente;Céu Claro;Dupla;Reta;Não;4;4
361125;2021-05-31;segunda-feira;07:10:00;SP;116;216.0;GUARULHOS;Manobra de mudança de faixa;Colisão lateral mesmo sentido;Com Vítimas Feridas;Pleno dia;Crescente;Nublado;Dupla;Reta;Sim;1;1
361232;2021-05-31;segunda-feira;17:40:00;SP;116;105.7;TAUBATE;Iluminação deficiente;Colisão com objeto;Com Vítimas Feridas;Anoitecer;Decrescente;Céu Claro;Dupla;Reta;Não;1;1
361247;2021-05-31;segunda-feira;18:40:00;SP;116;218.1;SAO PAULO;Condutor deixou de manter distância do veículo da frente;Colisão traseira;Com Vítimas Feridas;Plena Noite;Decrescente;Nublado;Múltipla;Não Informado;Não;3;3
361285;2021-05-31;segunda-feira;21:44:00;SP;116;222.0;GUARULHOS;Condutor deixou de manter distância do veículo da frente;Colisão traseira;Com Vítimas Feridas;Plena Noite;Decrescente;Nublado;Múltipla;Reta;Sim;3;2
361307;2021-06-01;terça-feira;05:10:00;SP;116;221.0;GUARULHOS;Condutor deixou de manter distância do veículo da frente;Colisão traseira;Com Vítimas Feridas;Plena Noite;Decrescente;Nublado;Múltipla;Reta;Sim;2;2
361423;2021-06-01;terça-feira;17:45:00;SP;116;140.0;SAO JOSE DOS CAMPOS;Trafegar com motocicleta (ou similar) entre as faixas;Colisão lateral mesmo sentido;Com Vítimas Feridas;Anoitecer;Crescente;Céu Claro;Dupla;Reta;Não;3;2
361430;2021-06-01;terça-feira;18:20:00;SP;116;205.1;ARUJA;Manobra de mudança de faixa;Colisão traseira;Com Vítimas Fatais;Plena Noite;Decrescente;Nublado;Dupla;Reta;Sim;2;2
361497;2021-06-02;quarta-feira;06:42:00;SP;116;221.0;GUARULHOS;Trafegar com motocicleta (ou similar) entre as faixas;Colisão traseira;Com Vítimas Feridas;Pleno dia;Crescente;Céu Claro;Múltipla;Reta;Sim;3;2
361516;2021-06-02;quarta-feira;08:10:00;SP;116;135.8;SAO JOSE DOS CAMPOS;Transitar no acostamento;Atropelamento de Pedestre;Com Vítimas Feridas;Pleno dia;Crescente;Céu Claro;Dupla;Reta;Sim;4;1
361519;2021-06-02;quarta-feira;08:30:00;SP;116;217.0;GUARULHOS;Velocidade Incompatível;Colisão lateral mesmo sentido;Com Vítimas Feridas;Pleno dia;Crescente;Céu Claro;Múltipla;Reta;Sim;3;2
361583;2021-06-02;quarta-feira;15:00:00;SP;116;209.0;GUARULHOS;Reação tardia ou ineficiente do condutor;Colisão lateral mesmo sentido;Com Vítimas Feridas;Pleno dia;Crescente;Céu Claro;Simples;Reta;Sim;2;2
361662;2021-06-02;quarta-feira;21:30:00;SP;116;135.6;SAO JOSE DOS CAMPOS;Condutor usando celular;Tombamento;Com Vítimas Feridas;Plena Noite;Crescente;Céu Claro;Dupla;Reta;Não;1;1
361729;2021-06-03;quinta-feira;07:05:00;SP;116;145.9;SAO JOSE DOS CAMPOS;Ausência de reação do condutor;Colisão traseira;Com Vítimas Feridas;Pleno dia;Crescente;Céu Claro;Simples;Reta;Sim;2;2
361769;2021-06-03;quinta-feira;11:00:00;SP;116;147.0;SAO JOSE DOS CAMPOS;Condutor deixou de manter distância do veículo da frente;Engavetamento;Com Vítimas Feridas;Pleno dia;Decrescente;Sol;Múltipla;Reta;Sim;5;4
361779;2021-06-03;quinta-feira;12:30:00;SP;116;165.0;JACAREI;Objeto estático sobre o leito carroçável;Colisão com objeto;Com Vítimas Feridas;Pleno dia;Decrescente;Sol;Dupla;Reta;Não;2;1
361925;2021-06-04;sexta-feira;07:45:00;SP;116;227.0;SAO PAULO;Manobra de mudança de faixa;Colisão lateral mesmo sentido;Com Vítimas Feridas;Pleno dia;Crescente;Céu Claro;Múltipla;Reta;Sim;2;2
362015;2021-06-04;sexta-feira;18:30:00;SP;116;215.3;GUARULHOS;Manobra de mudança de faixa;Colisão lateral mesmo sentido;Com Vítimas Feridas;Plena Noite;Decrescente;Céu Claro;Múltipla;Reta;Não;2;2
362046;2021-06-04;sexta-feira;20:50:00;SP;116;146.8;SAO JOSE DOS CAMPOS;Afundamento ou ondulação no pavimento;Tombamento;Com Vítimas Feridas;Plena Noite;Crescente;Nublado;Múltipla;Interseção de vias;Sim;1;1
362183;2021-06-05;sábado;13:40:00;SP;116;219.0;GUARULHOS;Mal súbito do condutor;Colisão com objeto;Com Vítimas Feridas;Pleno dia;Crescente;Sol;Múltipla;Reta;Sim;1;1
362215;2021-06-05;sábado;17:00:00;SP;116;127.0;CACAPAVA;Manobra de mudança de faixa;Colisão lateral mesmo sentido;Com Vítimas Feridas;Pleno dia;Crescente;Céu Claro;Dupla;Reta;Sim;2;1
362226;2021-06-05;sábado;17:55:00;SP;116;217.3;GUARULHOS;Manobra de mudança de faixa;Colisão traseira;Com Vítimas Feridas;Anoitecer;Decrescente;Céu Claro;Múltipla;Não Informado;Sim;2;2
362240;2021-06-05;sábado;18:15:00;SP;116;150.0;SAO JOSE DOS CAMPOS;Reação tardia ou ineficiente do condutor;Colisão traseira;Sem Vítimas;Plena Noite;Crescente;Céu Claro;Múltipla;Reta;Sim;7;3
362302;2021-06-05;sábado;22:40:00;SP;116;208.0;GUARULHOS;Ingestão de álcool pelo condutor;Colisão com objeto;Sem Vítimas;Plena Noite;Decrescente;Céu Claro;Dupla;Curva;Sim;1;1
362327;2021-06-06;domingo;02:00:00;SP;116;212.0;GUARULHOS;Reação tardia ou ineficiente do condutor;Colisão lateral mesmo sentido;Com Vítimas Feridas;Plena Noite;Crescente;Céu Claro;Múltipla;Reta;Sim;3;2
362462;2021-06-06;domingo;18:30:00;SP;116;207.8;GUARULHOS;Ingestão de álcool pelo condutor;Colisão traseira;Com Vítimas Feridas;Anoitecer;Crescente;Céu Claro;Dupla;Reta;Sim;4;2
362527;2021-06-07;segunda-feira;00:15:00;SP;116;209.0;GUARULHOS;Pedestre andava na pista;Atropelamento de Pedestre;Com Vítimas Feridas;Plena Noite;Decrescente;Céu Claro;Dupla;Reta;Sim;2;1
362575;2021-06-07;segunda-feira;07:40:00;SP;116;225.3;GUARULHOS;Trafegar com motocicleta (ou similar) entre as faixas;Colisão traseira;Com Vítimas Feridas;Pleno dia;Crescente;Nublado;Múltipla;Reta;Sim;2;2
362618;2021-06-07;segunda-feira;12:40:00;SP;116;113.0;TAUBATE;Mal súbito do condutor;Queda de ocupante de veículo;Com Vítimas Feridas;Pleno dia;Decrescente;Nublado;Dupla;Reta;Sim;1;1
362681;2021-06-07;segunda-feira;17:20:00;SP;116;221.5;GUARULHOS;Condutor deixou de manter distância do veículo da frente;Tombamento;Com Vítimas Feridas;Anoitecer;Decrescente;Nublado;Múltipla;Reta;Sim;1;1
362729;2021-06-07;segunda-feira;19:40:00;SP;116;219.0;GUARULHOS;Ingestão de álcool pelo condutor;Colisão frontal;Sem Vítimas;Anoitecer;Crescente;Céu Claro;Simples;Curva;Não;2;2
362792;2021-06-08;terça-feira;07:50:00;SP;116;105.3;TAUBATE;Ausência de reação do condutor;Colisão com objeto;Com Vítimas Feridas;Pleno dia;Crescente;Céu Claro;Dupla;Reta;Sim;1;1
362819;2021-04-05;segunda-feira;15:00:00;SP;116;222.0;GUARULHOS;Manobra de mudança de faixa;Colisão lateral mesmo sentido;Com Vítimas Feridas;Pleno dia;Decrescente;Nublado;Múltipla;Reta;Sim;3;2
362883;2021-05-15;sábado;05:50:00;SP;116;219.0;GUARULHOS;Reação tardia ou ineficiente do condutor;Colisão traseira;Com Vítimas Feridas;Amanhecer;Crescente;Nublado;Múltipla;Desvio Temporário;Sim;2;2
362960;2021-06-09;quarta-feira;01:15:00;SP;116;211.0;GUARULHOS;Ingestão de álcool pelo condutor;Colisão com objeto;Sem Vítimas;Plena Noite;Crescente;Nevoeiro/Neblina;Múltipla;Reta;Sim;1;1
362970;2021-06-09;quarta-feira;05:15:00;SP;116;227.3;SAO PAULO;Reação tardia ou ineficiente do condutor;Tombamento;Com Vítimas Fatais;Plena Noite;Crescente;Nublado;Múltipla;Curva;Não;3;3
362980;2021-06-09;quarta-feira;07:05:00;SP;116;226.9;SAO PAULO;Manobra de mudança de faixa;Colisão lateral mesmo sentido;Com Vítimas Feridas;Pleno dia;Crescente;Nublado;Dupla;Reta;Sim;2;2
363134;2021-06-09;quarta-feira;22:20:00;SP;116;166.2;JACAREI;Condutor Dormindo;Saída de leito carroçável;Com Vítimas Feridas;Plena Noite;Crescente;Céu Claro;Dupla;Reta;Não;1;1
363174;2021-06-10;quinta-feira;06:30:00;SP;116;208.8;GUARULHOS;Condutor deixou de manter distância do veículo da frente;Colisão traseira;Com Vítimas Feridas;Pleno dia;Crescente;Nublado;Dupla;Reta;Sim;2;2
363300;2021-06-10;quinta-feira;18:39:00;SP;116;156.5;SAO JOSE DOS CAMPOS;Trafegar com motocicleta (ou similar) entre as faixas;Colisão lateral mesmo sentido;Com Vítimas Feridas;Plena Noite;Crescente;Chuva;Dupla;Reta;Sim;2;2
363328;2021-06-10;quinta-feira;20:00:00;SP;116;201.0;ARUJA;Pedestre andava na pista;Atropelamento de Pedestre;Com Vítimas Feridas;Plena Noite;Crescente;Céu Claro;Dupla;Reta;Não;2;1
363337;2021-05-14;sexta-feira;06:58:00;SP;116;219.9;GUARULHOS;Acessar a via sem observar a presença dos outros veículos;Colisão lateral mesmo sentido;Com Vítimas Feridas;Pleno dia;Crescente;Nublado;Múltipla;Reta;Sim;3;2
363351;2021-06-10;quinta-feira;23:30:00;SP;116;114.0;TAUBATE;Ingestão de álcool pelo condutor;Colisão com objeto;Sem Vítimas;Plena Noite;Crescente;Chuva;Dupla;Reta;Sim;3;3
363377;2021-06-10;quinta-feira;22:20:00;SP;116;139.0;SAO JOSE DOS CAMPOS;Curva acentuada;Colisão com objeto;Sem Vítimas;Plena Noite;Decrescente;Chuva;Dupla;Retorno Regulamentado;Sim;1;1
363416;2021-05-14;sexta-feira;20:20:00;SP;116;211.0;GUARULHOS;Reação tardia ou ineficiente do condutor;Colisão traseira;Com Vítimas Feridas;Plena Noite;Decrescente;Nublado;Múltipla;Reta;Sim;3;2
363476;2021-06-11;sexta-feira;14:50:00;SP;116;228.0;SAO PAULO;Condutor deixou de manter distância do veículo da frente;Colisão lateral mesmo sentido;Com Vítimas Feridas;Pleno dia;Decrescente;Nublado;Simples;Reta;Não;2;2
363511;2021-06-11;sexta-feira;18:10:00;SP;116;139.5;SAO JOSE DOS CAMPOS;Ausência de reação do condutor;Colisão traseira;Com Vítimas Feridas;Plena Noite;Crescente;Nublado;Dupla;Reta;Não;2;2
363522;2021-06-11;sexta-feira;18:15:00;SP;116;146.0;SAO JOSE DOS CAMPOS;Condutor deixou de manter distância do veículo da frente;Colisão traseira;Com Vítimas Feridas;Plena Noite;Crescente;Nublado;Dupla;Não Informado;Sim;4;3
363714;2021-06-12;sábado;17:35:00;SP;116;209.0;GUARULHOS;Condutor deixou de manter distância do veículo da frente;Colisão traseira;Com Vítimas Feridas;Anoitecer;Crescente;Nublado;Dupla;Não Informado;Sim;5;2
363719;2021-06-12;sábado;17:50:00;SP;116;212.0;GUARULHOS;Objeto estático sobre o leito carroçável;Colisão traseira;Com Vítimas Feridas;Plena Noite;Crescente;Nublado;Múltipla;Reta;Sim;5;3
363752;2021-06-12;sábado;19:55:00;SP;116;205.5;ARUJA;Manobra de mudança de faixa;Capotamento;Com Vítimas Feridas;Plena Noite;Decrescente;Nublado;Múltipla;Reta;Não;3;2
363884;2021-06-13;domingo;11:43:00;SP;116;219.0;GUARULHOS;Avarias e/ou desgaste excessivo no pneu;Queda de ocupante de veículo;Com Vítimas Feridas;Pleno dia;Decrescente;Céu Claro;Múltipla;Reta;Sim;2;1
364000;2021-06-13;domingo;21:00:00;SP;116;148.5;SAO JOSE DOS CAMPOS;Ausência de reação do condutor;Colisão traseira;Sem Vítimas;Plena Noite;Crescente;Céu Claro;Dupla;Reta;Sim;2;2
364083;2021-06-13;domingo;21:20:00;SP;116;148.5;SAO JOSE DOS CAMPOS;Obstrução na via;Colisão traseira;Sem Vítimas;Plena Noite;Crescente;Nublado;Dupla;Reta;Sim;3;2
364085;2021-05-29;sábado;00:43:00;SP;116;212.5;GUARULHOS;Reação tardia ou ineficiente do condutor;Colisão com objeto;Com Vítimas Feridas;Plena Noite;Crescente;Céu Claro;Múltipla;Reta;Sim;1;1
364104;2021-06-14;segunda-feira;07:30:00;SP;116;206.0;GUARULHOS;Manobra de mudança de faixa;Colisão lateral mesmo sentido;Com Vítimas Feridas;Pleno dia;Crescente;Céu Claro;Dupla;Reta;Sim;3;3
364106;2021-06-14;segunda-feira;08:40:00;SP;116;229.0;SAO PAULO;Acessar a via sem observar a presença dos outros veículos;Queda de ocupante de veículo;Com Vítimas Feridas;Pleno dia;Crescente;Céu Claro;Múltipla;Reta;Não;2;2
364283;2021-06-15;terça-feira;06:40:00;SP;116;149.6;SAO JOSE DOS CAMPOS;Reação tardia ou ineficiente do condutor;Atropelamento de Pedestre;Com Vítimas Feridas;Amanhecer;Decrescente;Nevoeiro/Neblina;Dupla;Não Informado;Sim;2;1
364411;2021-06-15;terça-feira;18:50:00;SP;116;220.0;GUARULHOS;Trafegar com motocicleta (ou similar) entre as faixas;Tombamento;Com Vítimas Feridas;Plena Noite;Decrescente;Céu Claro;Múltipla;Reta;Sim;1;1
364437;2021-06-15;terça-feira;22:00:00;SP;116;221.0;GUARULHOS;Reação tardia ou ineficiente do condutor;Colisão traseira;Sem Vítimas;Plena Noite;Decrescente;Nublado;Múltipla;Reta;Sim;4;2
364512;2021-06-16;quarta-feira;15:20:00;SP;116;127.0;CACAPAVA;Ausência de reação do condutor;Colisão traseira;Com Vítimas Feridas;Pleno dia;Decrescente;Nublado;Dupla;Reta;Sim;2;2
364663;2021-06-17;quinta-feira;13:25:00;SP;116;209.9;GUARULHOS;Ultrapassagem Indevida;Colisão lateral mesmo sentido;Com Vítimas Feridas;Pleno dia;Crescente;Céu Claro;Dupla;Reta;Sim;2;2
364681;2021-06-17;quinta-feira;14:10:00;SP;116;146.0;SAO JOSE DOS CAMPOS;Ausência de reação do condutor;Tombamento;Com Vítimas Feridas;Pleno dia;Crescente;Sol;Múltipla;Desvio Temporário;Sim;2;1
364787;2021-06-18;sexta-feira;07:00:00;SP;116;209.9;GUARULHOS;Trafegar com motocicleta (ou similar) entre as faixas;Tombamento;Com Vítimas Feridas;Pleno dia;Crescente;Nublado;Dupla;Não Informado;Sim;3;3
364844;2021-06-18;sexta-feira;12:00:00;SP;116;203.0;ARUJA;Condutor deixou de manter distância do veículo da frente;Colisão traseira;Sem Vítimas;Pleno dia;Crescente;Céu Claro;Simples;Reta;Não;2;2
364923;2021-06-18;sexta-feira;17:16:00;SP;116;111.0;TAUBATE;Acessar a via sem observar a presença dos outros veículos;Tombamento;Com Vítimas Feridas;Anoitecer;Decrescente;Céu Claro;Dupla;Curva;Sim;2;1
364940;2021-06-18;sexta-feira;18:15:00;SP;116;147.8;SAO JOSE DOS CAMPOS;Condutor deixou de manter distância do veículo da frente;Colisão traseira;Com Vítimas Feridas;Anoitecer;Decrescente;Nublado;Múltipla;Reta;Sim;3;2
364945;2021-06-18;sexta-feira;18:46:00;SP;116;145.7;SAO JOSE DOS CAMPOS;Reação tardia ou ineficiente do condutor;Colisão com objeto;Com Vítimas Feridas;Plena Noite;Crescente;Céu Claro;Dupla;Desvio Temporário;Sim;1;1
365132;2021-06-19;sábado;16:00:00;SP;116;108.0;TAUBATE;Reação tardia ou ineficiente do condutor;Colisão traseira;Com Vítimas Feridas;Pleno dia;Crescente;Céu Claro;Dupla;Reta;Sim;2;2
365200;2021-06-19;sábado;21:40:00;SP;116;219.0;GUARULHOS;Manobra de mudança de faixa;Colisão traseira;Com Vítimas Feridas;Plena Noite;Decrescente;Nevoeiro/Neblina;Múltipla;Reta;Sim;3;2
365215;2021-06-19;sábado;22:55:00;SP;116;125.0;CACAPAVA;Velocidade Incompatível;Saída de leito carroçável;Com Vítimas Feridas;Plena Noite;Crescente;Céu Claro;Dupla;Curva;Sim;4;1
365222;2021-06-19;sábado;23:30:00;SP;116;209.0;GUARULHOS;Ausência de reação do condutor;Colisão com objeto;Sem Vítimas;Plena Noite;Decrescente;Nublado;Múltipla;Desvio Temporário;Sim;1;1
365339;2021-06-20;domingo;13:00:00;SP;116;114.0;TAUBATE;Ausência de reação do condutor;Colisão traseira;Com Vítimas Feridas;Pleno dia;Crescente;Céu Claro;Dupla;Reta;Sim;2;2
365355;2021-06-20;domingo;15:35:00;SP;116;145.0;SAO JOSE DOS CAMPOS;Velocidade Incompatível;Queda de ocupante de veículo;Com Vítimas Feridas;Pleno dia;Decrescente;Céu Claro;Dupla;Não Informado;Sim;1;1
365389;2021-06-20;domingo;18:40:00;SP;116;222.5;GUARULHOS;Frear bruscamente;Colisão traseira;Com Vítimas Feridas;Plena Noite;Crescente;Nublado;Múltipla;Reta;Não;4;3
365452;2021-06-20;domingo;23:30:00;SP;116;225.0;GUARULHOS;Condutor deixou de manter distância do veículo da frente;Colisão traseira;Sem Vítimas;Plena Noite;Crescente;Nublado;Múltipla;Reta;Não;2;2
365497;2021-06-21;segunda-feira;07:30:00;SP;116;139.1;SAO JOSE DOS CAMPOS;Ausência de reação do condutor;Tombamento;Com Vítimas Feridas;Pleno dia;Crescente;Nublado;Dupla;Reta;Sim;1;1
365507;2021-06-21;segunda-feira;07:50:00;SP;116;219.9;GUARULHOS;Manobra de mudança de faixa;Colisão lateral mesmo sentido;Com Vítimas Feridas;Pleno dia;Crescente;Garoa/Chuvisco;Múltipla;Reta;Sim;2;2
365590;2021-06-21;segunda-feira;17:00:00;SP;116;209.9;GUARULHOS;Ausência de reação do condutor;Tombamento;Com Vítimas Feridas;Plena Noite;Decrescente;Nublado;Múltipla;Reta;Sim;3;2
365634;2021-06-21;segunda-feira;20:50:00;SP;116;207.0;GUARULHOS;Reação tardia ou ineficiente do condutor;Colisão com objeto;Com Vítimas Feridas;Plena Noite;Crescente;Nublado;Dupla;Reta;Não;1;1
365690;2021-06-22;terça-feira;06:48:00;SP;116;218.8;GUARULHOS;Condutor deixou de manter distância do veículo da frente;Tombamento;Com Vítimas Feridas;Pleno dia;Decrescente;Nublado;Dupla;Reta;Sim;4;3