id;data_inversa;dia_semana;horario;uf;br;km;municipio;causa_acidente;tipo_acidente;classificacao_acidente;fase_dia;sentido_via;condicao_metereologica;tipo_pista;tracado_via;uso_solo;pessoas;veiculos
372510;2021-07-24;sábado;06:15:00;SP;116;116.0;TAUBATE;Entrada inopinada do pedestre;Atropelamento de Pedestre;Com Vítimas Feridas;Amanhecer;Decrescente;Céu Claro;Dupla;Reta;Sim;3;1
372558;2021-07-24;sábado;11:44:00;SP;116;213.0;GUARULHOS;Demais falhas mecânicas ou elétricas;Tombamento;Com Vítimas Feridas;Pleno dia;Decrescente;Céu Claro;Dupla;Reta;Sim;2;1
372568;2021-07-24;sábado;12:30:00;SP;116;228.0;SAO PAULO;Manobra de mudança de faixa;Colisão lateral mesmo sentido;Com Vítimas Feridas;Pleno dia;Decrescente;Céu Claro;Múltipla;Reta;Não;2;2
372674;2021-07-24;sábado;21:30:00;SP;116;210.5;GUARULHOS;Ultrapassagem Indevida;Queda de ocupante de veículo;Com Vítimas Feridas;Plena Noite;Decrescente;Nublado;Múltipla;Não Informado;Sim;3;2
372748;2021-07-25;domingo;04:10:00;SP;116;221.0;GUARULHOS;Estacionar ou parar em local proibido;Colisão com objeto;Com Vítimas Feridas;Plena Noite;Crescente;Ignorado;Dupla;Reta;Sim;3;3
372891;2021-07-25;domingo;18:40:00;SP;116;118.0;TAUBATE;Ausência de reação do condutor;Colisão traseira;Com Vítimas Feridas;Anoitecer;Crescente;Céu Claro;Dupla;Reta;Não;3;2
372982;2021-07-26;segunda-feira;06:30:00;SP;116;219.0;GUARULHOS;Transitar no acostamento;Colisão com objeto;Sem Vítimas;Amanhecer;Decrescente;Céu Claro;Múltipla;Reta;Sim;3;2
372994;2021-07-26;segunda-feira;07:20:00;SP;116;227.5;SAO PAULO;Condutor deixou de manter distância do veículo da frente;Colisão lateral mesmo sentido;Com Vítimas Feridas;Pleno dia;Crescente;Sol;Múltipla;Reta;Não;2;2
373060;2021-07-26;segunda-feira;14:40:00;SP;116;108.9;TAUBATE;Transitar no acostamento;Colisão lateral mesmo sentido;Com Vítimas Feridas;Pleno dia;Crescente;Céu Claro;Dupla;Reta;Sim;2;2
373112;2021-07-26;segunda-feira;18:50:00;SP;116;157.5;SAO JOSE DOS CAMPOS;Reação tardia ou ineficiente do condutor;Engavetamento;Com Vítimas Feridas;Plena Noite;Crescente;Céu Claro;Múltipla;Reta;Sim;2;2
373308;2021-07-28;quarta-feira;03:00:00;SP;116;224.5;GUARULHOS;Chuva;Capotamento;Com Vítimas Feridas;Plena Noite;Decrescente;Chuva;Dupla;Reta;Não;1;1
373325;2021-07-27;terça-feira;19:30:00;SP;116;173.9;JACAREI;Condutor deixou de manter distância do veículo da frente;Colisão lateral mesmo sentido;Com Vítimas Feridas;Plena Noite;Crescente;Céu Claro;Dupla;Reta;Não;2;2
373334;2021-07-28;quarta-feira;08:20:00;SP;116;223.0;GUARULHOS;Condutor deixou de manter distância do veículo da frente;Engavetamento;Com Vítimas Feridas;Pleno dia;Crescente;Chuva;Múltipla;Reta;Sim;3;3
373447;2021-07-28;quarta-feira;18:50:00;SP;116;210.0;GUARULHOS;Objeto estático sobre o leito carroçável;Colisão com objeto;Com Vítimas Feridas;Plena Noite;Decrescente;Ignorado;Múltipla;Reta;Sim;3;3
373629;2021-07-29;quinta-feira;18:32:00;SP;116;148.0;SAO JOSE DOS CAMPOS;Reação tardia ou ineficiente do condutor;Colisão traseira;Sem Vítimas;Anoitecer;Decrescente;Céu Claro;Múltipla;Reta;Sim;2;2
373636;2021-07-29;quinta-feira;18:45:00;SP;116;229.0;SAO PAULO;Trafegar com motocicleta (ou similar) entre as faixas;Colisão lateral mesmo sentido;Com Vítimas Feridas;Plena Noite;Crescente;Céu Claro;Múltipla;Reta;Sim;5;3
373827;2021-07-30;sexta-feira;16:40:00;SP;116;142.8;SAO JOSE DOS CAMPOS;Reação tardia ou ineficiente do condutor;Engavetamento;Com Vítimas Feridas;Pleno dia;Crescente;Sol;Dupla;Reta;Não;6;3
373901;2021-07-30;sexta-feira;19:30:00;SP;116;157.0;SAO JOSE DOS CAMPOS;Condutor deixou de manter distância do veículo da frente;Engavetamento;Com Vítimas Feridas;Plena Noite;Crescente;Céu Claro;Múltipla;Reta;Sim;3;3
373929;2021-07-30;sexta-feira;23:40:00;SP;116;226.5;GUARULHOS;Ingestão de álcool pelo condutor;Colisão traseira;Sem Vítimas;Plena Noite;Crescente;Céu Claro;Múltipla;Reta;Sim;4;2
373931;2021-07-30;sexta-feira;23:40:00;SP;116;134.2;CACAPAVA;Reação tardia ou ineficiente do condutor;Atropelamento de Pedestre;Com Vítimas Feridas;Plena Noite;Crescente;Céu Claro;Dupla;Reta;Não;2;2
373951;2021-07-31;sábado;03:20:00;SP;116;207.4;GUARULHOS;Condutor Dormindo;Colisão com objeto;Com Vítimas Feridas;Plena Noite;Decrescente;Nublado;Múltipla;Reta;Não;1;1
373959;2021-07-31;sábado;05:33:00;SP;116;99.1;PINDAMONHANGABA;Ausência de reação do condutor;Colisão com objeto;Com Vítimas Feridas;Amanhecer;Crescente;Céu Claro;Dupla;Reta;Não;1;1
373978;2021-07-31;sábado;07:20:00;SP;116;198.0;ARUJA;Ausência de reação do condutor;Colisão com objeto;Com Vítimas Feridas;Pleno dia;Decrescente;Céu Claro;Dupla;Curva;Não;1;1
374033;2021-07-31;sábado;11:30:00;SP;116;173.0;JACAREI;Ausência de reação do condutor;Colisão com objeto;Sem Vítimas;Pleno dia;Crescente;Céu Claro;Dupla;Reta;Não;1;1
374053;2021-07-31;sábado;12:45:00;SP;116;228.5;SAO PAULO;Ausência de reação do condutor;Eventos atípicos;Com Vítimas Feridas;Pleno dia;Crescente;Céu Claro;Múltipla;Reta;Sim;1;1
374054;2021-07-31;sábado;16:00:00;SP;116;226.5;GUARULHOS;Demais falhas mecânicas ou elétricas;Incêndio;Sem Vítimas;Pleno dia;Decrescente;Céu Claro;Múltipla;Reta;Sim;2;1
374094;2021-07-31;sábado;19:15:00;SP;116;214.0;GUARULHOS;Entrada inopinada do pedestre;Atropelamento de Pedestre;Com Vítimas Fatais;Plena Noite;Decrescente;Nublado;Dupla;Reta;Sim;2;1
374117;2021-07-31;sábado;20:00:00;SP;116;147.4;SAO JOSE DOS CAMPOS;Ingestão de álcool pelo condutor;Colisão transversal;Sem Vítimas;Plena Noite;Crescente;Céu Claro;Dupla;Interseção de vias;Não;2;2
374156;2021-08-01;domingo;00:30:00;SP;116;214.0;GUARULHOS;Entrada inopinada do pedestre;Atropelamento de Pedestre;Com Vítimas Fatais;Plena Noite;Decrescente;Nublado;Múltipla;Reta;Sim;2;1
374166;2021-08-01;domingo;00:55:00;SP;116;127.2;CACAPAVA;Reação tardia ou ineficiente do condutor;Colisão traseira;Sem Vítimas;Plena Noite;Decrescente;Nublado;Dupla;Reta;Não;2;2
374203;2021-08-01;domingo;06:20:00;SP;116;216.5;GUARULHOS;Ausência de reação do condutor;Saída de leito carroçável;Com Vítimas Feridas;Amanhecer;Crescente;Céu Claro;Múltipla;Curva;Sim;1;1
374297;2021-08-01;domingo;18:00:00;SP;116;215.6;GUARULHOS;Animais na Pista;Atropelamento de Animal;Com Vítimas Feridas;Anoitecer;Decrescente;Céu Claro;Múltipla;Reta;Sim;2;1
374298;2021-08-01;domingo;18:00:00;SP;116;124.0;CACAPAVA;Manobra de mudança de faixa;Queda de ocupante de veículo;Com Vítimas Feridas;Anoitecer;Decrescente;Céu Claro;Dupla;Reta;Não;3;2
374341;2021-08-01;domingo;20:00:00;SP;116;212.0;GUARULHOS;Reação tardia ou ineficiente do condutor;Colisão traseira;Sem Vítimas;Plena Noite;Crescente;Céu Claro;Simples;Reta;Não;2;2
374403;2021-08-02;segunda-feira;00:50:00;SP;116;212.8;GUARULHOS;Pedestre cruzava a pista fora da faixa;Atropelamento de Pedestre;Com Vítimas Fatais;Plena Noite;Crescente;Céu Claro;Múltipla;Reta;Sim;2;1
374584;2021-08-02;segunda-feira;23:30:00;SP;116;146.0;SAO JOSE DOS CAMPOS;Reação tardia ou ineficiente do condutor;Tombamento;Com Vítimas Feridas;Plena Noite;Crescente;Céu Claro;Múltipla;Não Informado;Não;2;1
374609;2021-08-03;terça-feira;08:00:00;SP;116;227.0;GUARULHOS;Manobra de mudança de faixa;Colisão lateral mesmo sentido;Com Vítimas Feridas;Pleno dia;Crescente;Nublado;Múltipla;Reta;Sim;2;2
374638;2021-08-03;terça-feira;11:45:00;SP;116;210.0;GUARULHOS;Manobra de mudança de faixa;Queda de ocupante de veículo;Com Vítimas Feridas;Pleno dia;Crescente;Céu Claro;Dupla;Reta;Sim;1;1
374731;2021-08-03;terça-feira;20:10:00;SP;116;216.2;GUARULHOS;Ausência de reação do condutor;Colisão com objeto;Com Vítimas Feridas;Plena Noite;Decrescente;Nublado;Múltipla;Reta;Não;1;1
374872;2021-08-04;quarta-feira;17:20:00;SP;116;217.0;GUARULHOS;Manobra de mudança de faixa;Colisão lateral mesmo sentido;Com Vítimas Feridas;Pleno dia;Crescente;Céu Claro;Múltipla;Reta;Sim;3;2
374887;2021-08-04;quarta-feira;17:18:00;SP;116;221.0;GUARULHOS;Reação tardia ou ineficiente do condutor;Colisão com objeto;Com Vítimas Feridas;Anoitecer;Decrescente;Céu Claro;Múltipla;Reta;Sim;1;1
375026;2021-08-05;quinta-feira;13:39:00;SP;116;221.0;GUARULHOS;Ausência de reação do condutor;Tombamento;Com Vítimas Feridas;Pleno dia;Crescente;Céu Claro;Dupla;Reta;Sim;1;1
375127;2021-08-06;sexta-feira;03:10:00;SP;116;169.9;JACAREI;Reação tardia ou ineficiente do condutor;Saída de leito carroçável;Com Vítimas Feridas;Plena Noite;Crescente;Nublado;Dupla;Reta;Não;2;1
375129;2021-08-06;sexta-feira;03:40:00;SP;116;114.0;TAUBATE;Demais falhas mecânicas ou elétricas;Saída de leito carroçável;Com Vítimas Feridas;Plena Noite;Crescente;Céu Claro;Dupla;Reta;Sim;2;1
375144;2021-08-05;quinta-feira;11:20:00;SP;116;101.2;PINDAMONHANGABA;Condutor deixou de manter distância do veículo da frente;Colisão lateral mesmo sentido;Com Vítimas Feridas;Pleno dia;Crescente;Céu Claro;Dupla;Reta;Não;1;1
375202;2021-08-06;sexta-feira;11:30:00;SP;116;180.5;GUARAREMA;Reação tardia ou ineficiente do condutor;Colisão com objeto;Com Vítimas Feridas;Pleno dia;Decrescente;Sol;Dupla;Curva;Sim;3;1
375264;2021-08-06;sexta-feira;16:15:00;SP;116;109.0;TAUBATE;Frear bruscamente;Colisão lateral mesmo sentido;Com Vítimas Feridas;Pleno dia;Decrescente;Céu Claro;Dupla;Reta;Sim;2;2
375327;2021-08-06;sexta-feira;21:28:00;SP;116;217.0;GUARULHOS;Pedestre andava na pista;Atropelamento de Pedestre;Com Vítimas Feridas;Plena Noite;Decrescente;Céu Claro;Múltipla;Reta;Sim;2;1
375337;2021-08-06;sexta-feira;21:45:00;SP;116;162.0;JACAREI;Reação tardia ou ineficiente do condutor;Capotamento;Sem Vítimas;Plena Noite;Decrescente;Céu Claro;Simples;Retorno Regulamentado;Não;1;1
375395;2021-08-07;sábado;05:30:00;SP;116;226.9;SAO PAULO;Ausência de reação do condutor;Colisão com objeto;Com Vítimas Fatais;Amanhecer;Crescente;Céu Claro;Múltipla;Reta;Sim;2;2
375405;2021-08-07;sábado;05:45:00;SP;116;228.0;GUARULHOS;Ausência de reação do condutor;Colisão traseira;Sem Vítimas;Amanhecer;Crescente;Céu Claro;Múltipla;Reta;Sim;2;2
375467;2021-08-07;sábado;10:40:00;SP;116;111.0;TAUBATE;Ausência de reação do condutor;Colisão lateral mesmo sentido;Com Vítimas Feridas;Pleno dia;Crescente;Céu Claro;Dupla;Reta;Sim;3;2
375567;2021-08-07;sábado;20:10:00;SP;116;214.1;GUARULHOS;Frear bruscamente;Colisão traseira;Com Vítimas Feridas;Plena Noite;Decrescente;Nublado;Múltipla;Reta;Não;2;2
375577;2021-08-07;sábado;19:53:00;SP;116;104.4;TAUBATE;Falta de acostamento;Queda de ocupante de veículo;Com Vítimas Feridas;Plena Noite;Crescente;Céu Claro;Dupla;Não Informado;Não;1;1
375697;2021-08-08;domingo;01:35:00;SP;116;146.4;SAO JOSE DOS CAMPOS;Condutor deixou de manter distância do veículo da frente;Colisão traseira;Com Vítimas Feridas;Plena Noite;Decrescente;Céu Claro;Dupla;Desvio Temporário;Sim;2;2
375797;2021-08-08;domingo;16:50:00;SP;116;144.4;SAO JOSE DOS CAMPOS;Condutor deixou de manter distância do veículo da frente;Colisão traseira;Com Vítimas Feridas;Pleno dia;Crescente;Céu Claro;Dupla;Reta;Sim;5;2
375836;2021-08-08;domingo;18:15:00;SP;116;109.0;TAUBATE;Estacionar ou parar em local proibido;Colisão traseira;Com Vítimas Feridas;Plena Noite;Decrescente;Céu Claro;Dupla;Reta;Sim;2;2
375838;2021-08-08;domingo;19:00:00;SP;116;126.0;CACAPAVA;Entrada inopinada do pedestre;Atropelamento de Pedestre;Com Vítimas Fatais;Plena Noite;Crescente;Céu Claro;Dupla;Reta;Sim;4;2
375873;2021-08-08;domingo;20:45:00;SP;116;148.0;SAO JOSE DOS CAMPOS;Ingestão de álcool pelo condutor;Colisão traseira;Com Vítimas Feridas;Plena Noite;Decrescente;Céu Claro;Múltipla;Reta;Sim;3;2
375967;2021-08-09;segunda-feira;06:35:00;SP;116;220.0;GUARULHOS;Ingestão de álcool pelo condutor;Colisão traseira;Sem Vítimas;Pleno dia;Crescente;Céu Claro;Múltipla;Reta;Sim;2;2
376000;2021-08-09;segunda-feira;09:30:00;SP;116;180.0;GUARAREMA;Animais na Pista;Atropelamento de Animal;Com Vítimas Feridas;Pleno dia;Decrescente;Céu Claro;Múltipla;Reta;Não;2;1
376002;2021-08-09;segunda-feira;10:20:00;SP;116;210.0;GUARULHOS;Velocidade Incompatível;Tombamento;Com Vítimas Feridas;Pleno dia;Crescente;Sol;Dupla;Reta;Sim;1;1
376014;2021-08-09;segunda-feira;11:15:00;SP;116;224.5;GUARULHOS;Trafegar com motocicleta (ou similar) entre as faixas;Colisão traseira;Com Vítimas Feridas;Pleno dia;Crescente;Céu Claro;Dupla;Reta;Sim;2;2
376043;2021-08-09;segunda-feira;14:30:00;SP;116;217.0;GUARULHOS;Reação tardia ou ineficiente do condutor;Colisão com objeto;Com Vítimas Feridas;Pleno dia;Crescente;Céu Claro;Múltipla;Reta;Sim;1;1
376088;2021-08-09;segunda-feira;18:15:00;SP;116;220.0;GUARULHOS;Trafegar com motocicleta (ou similar) entre as faixas;Colisão lateral mesmo sentido;Com Vítimas Feridas;Plena Noite;Crescente;Ignorado;Múltipla;Reta;Sim;3;2
376364;2021-08-11;quarta-feira;00:15:00;SP;116;157.0;SAO JOSE DOS CAMPOS;Manobra de mudança de faixa;Capotamento;Com Vítimas Feridas;Plena Noite;Crescente;Céu Claro;Dupla;Reta;Não;3;1
376394;2021-08-11;quarta-feira;06:45:00;SP;116;110.9;TAUBATE;Manobra de mudança de faixa;Colisão traseira;Com Vítimas Feridas;Amanhecer;Decrescente;Sol;Dupla;Curva;Sim;2;2
376418;2021-08-11;quarta-feira;09:40:00;SP;116;225.0;GUARULHOS;Condutor deixou de manter distância do veículo da frente;Tombamento;Com Vítimas Feridas;Pleno dia;Crescente;Nublado;Múltipla;Não Informado;Sim;1;1
376535;2021-08-11;quarta-feira;20:45:00;SP;116;158.0;SAO JOSE DOS CAMPOS;Ingestão de álcool pelo condutor;Colisão lateral mesmo sentido;Com Vítimas Feridas;Plena Noite;Decrescente;Céu Claro;Dupla;Retorno Regulamentado;Sim;2;2
376563;2021-08-11;quarta-feira;23:49:00;SP;116;225.0;GUARULHOS;Manobra de mudança de faixa;Colisão lateral mesmo sentido;Com Vítimas Feridas;Plena Noite;Decrescente;Nublado;Múltipla;Desvio Temporário;Sim;2;2
376779;2021-08-13;sexta-feira;07:25:00;SP;116;220.0;GUARULHOS;Manobra de mudança de faixa;Colisão lateral mesmo sentido;Com Vítimas Feridas;Pleno dia;Crescente;Céu Claro;Dupla;Reta;Não;2;2
376796;2021-08-13;sexta-feira;08:30:00;SP;116;200.9;ARUJA;Velocidade Incompatível;Capotamento;Com Vítimas Feridas;Pleno dia;Crescente;Nublado;Simples;Curva;Não;2;1
376861;2021-08-13;sexta-feira;15:50:00;SP;116;143.0;SAO JOSE DOS CAMPOS;Reação tardia ou ineficiente do condutor;Colisão traseira;Com Vítimas Feridas;Pleno dia;Crescente;Nublado;Dupla;Reta;Sim;4;2
376888;2021-08-13;sexta-feira;18:15:00;SP;116;110.0;TAUBATE;Ausência de reação do condutor;Tombamento;Com Vítimas Feridas;Anoitecer;Crescente;Céu Claro;Dupla;Reta;Sim;1;1
376889;2021-08-13;sexta-feira;19:00:00;SP;116;200.3;ARUJA;Transitar no acostamento;Atropelamento de Pedestre;Com Vítimas Feridas;Plena Noite;Crescente;Céu Claro;Dupla;Reta;Não;2;1
376959;2021-08-14;sábado;00:20:00;SP;116;117.0;TAUBATE;Reação tardia ou ineficiente do condutor;Colisão traseira;Com Vítimas Feridas;Plena Noite;Crescente;Nublado;Dupla;Reta;Não;4;2
376991;2021-08-14;sábado;06:15:00;SP;116;220.0;GUARULHOS;Objeto estático sobre o leito carroçável;Colisão traseira;Com Vítimas Feridas;Amanhecer;Crescente;Céu Claro;Múltipla;Reta;Sim;3;2
376994;2021-08-13;sexta-feira;00:30:00;SP;116;99.0;PINDAMONHANGABA;Velocidade Incompatível;Capotamento;Com Vítimas Feridas;Plena Noite;Decrescente;Céu Claro;Simples;Reta;Não;1;1
377015;2021-08-14;sábado;09:00:00;SP;116;207.0;ARUJA;Manobra de mudança de faixa;Colisão lateral mesmo sentido;Sem Vítimas;Pleno dia;Decrescente;Céu Claro;Múltipla;Reta;Sim;5;2
377296;2021-08-15;domingo;16:57:00;SP;116;157.8;JACAREI;Reação tardia ou ineficiente do condutor;Colisão com objeto;Com Vítimas Feridas;Pleno dia;Crescente;Céu Claro;Simples;Curva;Sim;3;1
377298;2021-08-15;domingo;17:20:00;SP;116;127.7;CACAPAVA;Animais na Pista;Colisão traseira;Sem Vítimas;Anoitecer;Crescente;Céu Claro;Dupla;Reta;Sim;3;3
377377;2021-08-15;domingo;23:50:00;SP;116;219.0;GUARULHOS;Condutor deixou de manter distância do veículo da frente;Colisão lateral mesmo sentido;Com Vítimas Feridas;Plena Noite;Decrescente;Nublado;Múltipla;Reta;Não;3;2
377382;2021-08-16;segunda-feira;00:30:00;SP;116;225.8;GUARULHOS;Reação tardia ou ineficiente do condutor;Colisão traseira;Com Vítimas Feridas;Plena Noite;Crescente;Nublado;Múltipla;Reta;Sim;5;2
377434;2021-08-16;segunda-feira;08:20:00;SP;116;119.0;TAUBATE;Velocidade Incompatível;Saída de leito carroçável;Com Vítimas Feridas;Pleno dia;Crescente;Céu Claro;Dupla;Reta;Não;1;1
377464;2021-08-16;segunda-feira;10:30:00;SP;116;229.5;SAO PAULO;Ultrapassagem Indevida;Colisão traseira;Com Vítimas Feridas;Pleno dia;Decrescente;Céu Claro;Simples;Reta;Não;2;2
377527;2021-08-16;segunda-feira;18:00:00;SP;116;225.0;GUARULHOS;Ausência de reação do condutor;Tombamento;Com Vítimas Feridas;Anoitecer;Decrescente;Nublado;Múltipla;Reta;Sim;1;1
377690;2021-08-17;terça-feira;19:30:00;SP;116;180.0;SANTA ISABEL;Pedestre cruzava a pista fora da faixa;Atropelamento de Pedestre;Com Vítimas Feridas;Plena Noite;Decrescente;Céu Claro;Dupla;Curva;Não;2;1
377719;2021-08-17;terça-feira;19:30:00;SP;116;225.0;GUARULHOS;Avarias e/ou desgaste excessivo no pneu;Queda de ocupante de veículo;Com Vítimas Feridas;Plena Noite;Decrescente;Céu Claro;Dupla;Reta;Sim;2;1
377742;2021-08-18;quarta-feira;00:30:00;SP;116;223.0;GUARULHOS;Velocidade Incompatível;Colisão com objeto;Com Vítimas Feridas;Plena Noite;Decrescente;Ignorado;Dupla;Reta;Sim;2;1
377761;2021-08-18;quarta-feira;06:50:00;SP;116;210.0;GUARULHOS;Manobra de mudança de faixa;Colisão traseira;Com Vítimas Feridas;Pleno dia;Crescente;Céu Claro;Dupla;Reta;Sim;2;2
377813;2021-08-18;quarta-feira;10:57:00;SP;116;172.0;JACAREI;Demais falhas mecânicas ou elétricas;Queda de ocupante de veículo;Com Vítimas Feridas;Pleno dia;Crescente;Sol;Dupla;Reta;Não;2;1
377820;2021-08-18;quarta-feira;12:40:00;SP;116;225.0;GUARULHOS;Manobra de mudança de faixa;Colisão lateral mesmo sentido;Com Vítimas Feridas;Pleno dia;Decrescente;Céu Claro;Simples;Reta;Não;1;1
377915;2021-08-19;quinta-feira;00:20:00;SP;116;151.0;SAO JOSE DOS CAMPOS;Ausência de reação do condutor;Queda de ocupante de veículo;Com Vítimas Feridas;Plena Noite;Decrescente;Céu Claro;Dupla;Reta;Sim;1;1
378052;2021-08-19;quinta-feira;18:30:00;SP;116;228.0;SAO PAULO;Ultrapassagem Indevida;Colisão lateral mesmo sentido;Com Vítimas Feridas;Plena Noite;Crescente;Nublado;Múltipla;Reta;Não;1;1
378386;2021-08-21;sábado;01:55:00;SP;116;155.0;SAO JOSE DOS CAMPOS;Reação tardia ou ineficiente do condutor;Colisão traseira;Com Vítimas Feridas;Plena Noite;Crescente;Céu Claro;Dupla;Reta;Sim;4;1
378387;2021-08-21;sábado;08:00:00;SP;116;148.0;SAO JOSE DOS CAMPOS;Avarias e/ou desgaste excessivo no pneu;Tombamento;Com Vítimas Feridas;Pleno dia;Decrescente;Sol;Dupla;Reta;Não;1;1
378524;2021-08-21;sábado;20:59:00;SP;116;207.9;GUARULHOS;Ausência de reação do condutor;Colisão com objeto;Com Vítimas Feridas;Plena Noite;Crescente;Céu Claro;Dupla;Reta;Sim;2;1
378561;2021-08-22;domingo;00:50:00;SP;116;208.0;GUARULHOS;Condutor deixou de manter distância do veículo da frente;Colisão traseira;Com Vítimas Feridas;Plena Noite;Decrescente;Céu Claro;Dupla;Reta;Sim;3;2
378584;2021-08-22;domingo;02:35:00;SP;116;140.0;SAO JOSE DOS CAMPOS;Reação tardia ou ineficiente do condutor;Colisão traseira;Com Vítimas Feridas;Plena Noite;Decrescente;Céu Claro;Dupla;Reta;Não;7;4
378673;2021-08-22;domingo;13:30:00;SP;116;135.0;SAO JOSE DOS CAMPOS;Avarias e/ou desgaste excessivo no pneu;Queda de ocupante de veículo;Com Vítimas Feridas;Pleno dia;Decrescente;Céu Claro;Dupla;Reta;Não;1;1
378841;2021-08-23;segunda-feira;07:30:00;SP;116;121.0;CACAPAVA;Condutor deixou de manter distância do veículo da frente;Colisão traseira;Sem Vítimas;Pleno dia;Decrescente;Céu Claro;Dupla;Reta;Não;2;2
378855;2021-08-23;segunda-feira;08:35:00;SP;116;222.5;GUARULHOS;Manobra de mudança de faixa;Colisão lateral mesmo sentido;Com Vítimas Feridas;Pleno dia;Crescente;Céu Claro;Múltipla;Reta;Sim;3;3
378956;2021-08-23;segunda-feira;18:30:00;SP;116;136.0;SAO JOSE DOS CAMPOS;Ausência de reação do condutor;Colisão traseira;Com Vítimas Feridas;Anoitecer;Crescente;Céu Claro;Dupla;Reta;Sim;2;2
378981;2021-08-23;segunda-feira;22:00:00;SP;116;188.0;SANTA ISABEL;Transitar na contramão;Colisão com objeto;Com Vítimas Feridas;Plena Noite;Crescente;Nublado;Dupla;Curva;Não;1;1
379038;2021-08-24;terça-feira;09:45:00;SP;116;217.9;GUARULHOS;Condutor deixou de manter distância do veículo da frente;Colisão traseira;Com Vítimas Feridas;Pleno dia;Crescente;Céu Claro;Múltipla;Reta;Sim;4;4
379063;2021-08-24;terça-feira;13:20:00;SP;116;223.0;GUARULHOS;Reação tardia ou ineficiente do condutor;Queda de ocupante de veículo;Com Vítimas Feridas;Pleno dia;Crescente;Céu Claro;Dupla;Reta;Não;1;1
379142;2021-08-24;terça-feira;21:15:00;SP;116;204.5;ARUJA;Ingestão de álcool pelo condutor;Colisão transversal;Com Vítimas Feridas;Plena Noite;Decrescente;Céu Claro;Dupla;Reta;Não;2;2
379160;2021-08-24;terça-feira;23:05:00;SP;116;212.2;GUARULHOS;Ausência de reação do condutor;Capotamento;Com Vítimas Feridas;Plena Noite;Crescente;Céu Claro;Múltipla;Não Informado;Sim;1;1
379247;2021-08-25;quarta-feira;12:10:00;SP;116;223.0;GUARULHOS;Manobra de mudança de faixa;Colisão lateral mesmo sentido;Com Vítimas Feridas;Pleno dia;Decrescente;Céu Claro;Simples;Reta;Não;2;2
379257;2021-08-25;quarta-feira;13:25:00;SP;116;146.0;SAO JOSE DOS CAMPOS;Ausência de reação do condutor;Tombamento;Com Vítimas Feridas;Pleno dia;Crescente;Céu Claro;Múltipla;Desvio Temporário;Não;1;1
379312;2021-08-25;quarta-feira;18:30:00;SP;116;194.0;SANTA ISABEL;Condutor deixou de manter distância do veículo da frente;Colisão traseira;Com Vítimas Feridas;Plena Noite;Decrescente;Céu Claro;Dupla;Reta;Não;4;2
379393;2021-08-26;quinta-feira;08:20:00;SP;116;208.0;GUARULHOS;Trafegar com motocicleta (ou similar) entre as faixas;Colisão lateral mesmo sentido;Com Vítimas Feridas;Pleno dia;Crescente;Céu Claro;Múltipla;Reta;Não;2;2
379422;2021-08-26;quinta-feira;12:00:00;SP;116;119.0;TAUBATE;Avarias e/ou desgaste excessivo no pneu;Tombamento;Com Vítimas Feridas;Pleno dia;Decrescente;Sol;Dupla;Reta;Não;2;1
379457;2021-08-26;quinta-feira;12:00:00;SP;116;102.0;PINDAMONHANGABA;Demais falhas mecânicas ou elétricas;Queda de ocupante de veículo;Com Vítimas Feridas;Pleno dia;Crescente;Sol;Dupla;Reta;Não;2;1