id;data_inversa;dia_semana;horario;uf;br;km;municipio;causa_acidente;tipo_acidente;classificacao_acidente;fase_dia;sentido_via;condicao_metereologica;tipo_pista;tracado_via;uso_solo;pessoas;veiculos
379477;2021-08-26;quinta-feira;17:10:00;SP;116;136.0;SAO JOSE DOS CAMPOS;Trafegar com motocicleta (ou similar) entre as faixas;Colisão lateral mesmo sentido;Com Vítimas Feridas;Pleno dia;Crescente;Céu Claro;Dupla;Reta;Não;3;2
379487;2021-08-26;quinta-feira;18:55:00;SP;116;204.0;ARUJA;Ingestão de álcool pelo condutor;Colisão traseira;Sem Vítimas;Plena Noite;Decrescente;Céu Claro;Múltipla;Reta;Sim;2;2
379545;2021-08-27;sexta-feira;03:45:00;SP;116;107.2;TAUBATE;Pedestre andava na pista;Atropelamento de Pedestre;Com Vítimas Feridas;Plena Noite;Crescente;Céu Claro;Dupla;Reta;Sim;3;1
379561;2021-08-27;sexta-feira;07:42:00;SP;116;146.0;SAO JOSE DOS CAMPOS;Reação tardia ou ineficiente do condutor;Engavetamento;Com Vítimas Feridas;Amanhecer;Decrescente;Céu Claro;Dupla;Reta;Não;3;3
379592;2021-08-27;sexta-feira;11:24:00;SP;116;222.0;GUARULHOS;Acessar a via sem observar a presença dos outros veículos;Colisão lateral mesmo sentido;Com Vítimas Feridas;Pleno dia;Crescente;Céu Claro;Simples;Reta;Não;1;1
379710;2021-08-28;sábado;00:50:00;SP;116;222.6;GUARULHOS;Ingestão de álcool pelo condutor;Colisão traseira;Com Vítimas Feridas;Plena Noite;Decrescente;Nublado;Múltipla;Reta;Não;2;2
379715;2021-08-28;sábado;01:38:00;SP;116;220.0;GUARULHOS;Ausência de sinalização;Colisão traseira;Com Vítimas Feridas;Pleno dia;Decrescente;Céu Claro;Dupla;Reta;Sim;3;2
379800;2021-08-28;sábado;10:30:00;SP;116;123.2;CACAPAVA;Condutor deixou de manter distância do veículo da frente;Engavetamento;Com Vítimas Feridas;Pleno dia;Decrescente;Garoa/Chuvisco;Dupla;Desvio Temporário;Não;4;3
380170;2021-08-29;domingo;22:00:00;SP;116;219.0;GUARULHOS;Velocidade Incompatível;Tombamento;Com Vítimas Feridas;Plena Noite;Crescente;Ignorado;Múltipla;Reta;Sim;3;3
380299;2021-07-24;sábado;00:00:00;SP;116;213.5;GUARULHOS;Reação tardia ou ineficiente do condutor;Colisão com objeto;Sem Vítimas;Plena Noite;Decrescente;Céu Claro;Múltipla;Reta;Sim;4;4
380346;2021-08-30;segunda-feira;18:35:00;SP;116;220.0;GUARULHOS;Trafegar com motocicleta (ou similar) entre as faixas;Colisão traseira;Com Vítimas Feridas;Anoitecer;Decrescente;Nublado;Simples;Reta;Não;2;2
380441;2021-08-31;terça-feira;07:40:00;SP;116;219.0;GUARULHOS;Reação tardia ou ineficiente do condutor;Colisão traseira;Com Vítimas Feridas;Amanhecer;Decrescente;Céu Claro;Múltipla;Reta;Sim;2;2
380485;2021-08-31;terça-feira;11:50:00;SP;116;121.7;CACAPAVA;Manobra de mudança de faixa;Colisão lateral mesmo sentido;Com Vítimas Feridas;Pleno dia;Crescente;Céu Claro;Múltipla;Reta;Não;2;2
380514;2021-08-31;terça-feira;15:50:00;SP;116;221.6;GUARULHOS;Condutor deixou de manter distância do veículo da frente;Engavetamento;Com Vítimas Feridas;Pleno dia;Decrescente;Céu Claro;Múltipla;Reta;Sim;5;4
380523;2021-08-31;terça-feira;16:15:00;SP;116;225.0;GUARULHOS;Velocidade Incompatível;Colisão traseira;Com Vítimas Feridas;Pleno dia;Decrescente;Céu Claro;Múltipla;Desvio Temporário;Sim;2;2
380583;2021-08-31;terça-feira;22:35:00;SP;116;141.0;SAO JOSE DOS CAMPOS;Demais falhas mecânicas ou elétricas;Incêndio;Sem Vítimas;Plena Noite;Decrescente;Nublado;Dupla;Reta;Sim;1;1
380665;2021-07-28;quarta-feira;18:20:00;SP;116;206.0;GUARULHOS;Condutor deixou de manter distância do veículo da frente;Colisão traseira;Com Vítimas Feridas;Plena Noite;Crescente;Nublado;Simples;Reta;Não;2;2
380668;2021-09-01;quarta-feira;10:00:00;SP;116;108.0;TAUBATE;Mal súbito do condutor;Saída de leito carroçável;Com Vítimas Feridas;Pleno dia;Decrescente;Céu Claro;Dupla;Reta;Sim;1;1
380728;2021-09-01;quarta-feira;17:20:00;SP;116;155.0;SAO JOSE DOS CAMPOS;Condutor deixou de manter distância do veículo da frente;Engavetamento;Com Vítimas Feridas;Pleno dia;Decrescente;Sol;Dupla;Reta;Sim;5;2
380876;2021-09-02;quinta-feira;15:30:00;SP;116;145.7;SAO JOSE DOS CAMPOS;Reação tardia ou ineficiente do condutor;Engavetamento;Com Vítimas Feridas;Pleno dia;Decrescente;Céu Claro;Dupla;Não Informado;Sim;5;3
380984;2021-09-03;sexta-feira;07:15:00;SP;116;224.0;GUARULHOS;Frear bruscamente;Queda de ocupante de veículo;Com Vítimas Feridas;Pleno dia;Crescente;Céu Claro;Múltipla;Reta;Sim;1;1
381225;2021-09-04;sábado;03:15:00;SP;116;209.0;GUARULHOS;Ausência de reação do condutor;Capotamento;Com Vítimas Feridas;Plena Noite;Decrescente;Céu Claro;Múltipla;Desvio Temporário;Sim;3;1
381282;2021-09-04;sábado;09:00:00;SP;116;229.0;SAO PAULO;Ultrapassagem Indevida;Queda de ocupante de veículo;Com Vítimas Feridas;Pleno dia;Decrescente;Sol;Múltipla;Reta;Não;2;2
381371;2021-09-04;sábado;16:42:00;SP;116;142.2;SAO JOSE DOS CAMPOS;Ausência de reação do condutor;Colisão traseira;Com Vítimas Feridas;Pleno dia;Decrescente;Céu Claro;Dupla;Reta;Sim;2;2
381372;2021-09-04;sábado;16:55:00;SP;116;142.3;SAO JOSE DOS CAMPOS;Ausência de reação do condutor;Colisão traseira;Sem Vítimas;Pleno dia;Decrescente;Céu Claro;Dupla;Reta;Sim;1;1
381386;2021-09-04;sábado;17:20:00;SP;116;124.7;CACAPAVA;Condutor deixou de manter distância do veículo da frente;Colisão lateral mesmo sentido;Com Vítimas Feridas;Pleno dia;Crescente;Céu Claro;Dupla;Reta;Não;2;2
381499;2021-09-05;domingo;02:35:00;SP;116;152.0;SAO JOSE DOS CAMPOS;Velocidade Incompatível;Colisão com objeto;Com Vítimas Feridas;Plena Noite;Decrescente;Nublado;Dupla;Reta;Sim;1;1
381617;2021-09-05;domingo;16:00:00;SP;116;191.5;SANTA ISABEL;Avarias e/ou desgaste excessivo no pneu;Queda de ocupante de veículo;Com Vítimas Feridas;Pleno dia;Crescente;Céu Claro;Simples;Reta;Não;1;1
381731;2021-09-05;domingo;23:00:00;SP;116;193.0;SANTA ISABEL;Ausência de reação do condutor;Eventos atípicos;Com Vítimas Feridas;Plena Noite;Crescente;Céu Claro;Dupla;Não Informado;Não;4;1
381751;2021-09-06;segunda-feira;00:10:00;SP;116;129.7;CACAPAVA;Ingestão de álcool pelo condutor;Colisão com objeto;Sem Vítimas;Plena Noite;Decrescente;Céu Claro;Dupla;Reta;Não;1;1
381818;2021-09-06;segunda-feira;11:00:00;SP;116;216.0;GUARULHOS;Condutor deixou de manter distância do veículo da frente;Engavetamento;Com Vítimas Feridas;Pleno dia;Decrescente;Céu Claro;Múltipla;Reta;Sim;4;3
381922;2021-09-06;segunda-feira;19:20:00;SP;116;207.0;GUARULHOS;Demais falhas mecânicas ou elétricas;Colisão traseira;Sem Vítimas;Plena Noite;Decrescente;Ignorado;Múltipla;Reta;Sim;2;2
382027;2021-09-07;terça-feira;11:00:00;SP;116;210.0;GUARULHOS;Ultrapassagem Indevida;Colisão lateral mesmo sentido;Com Vítimas Feridas;Pleno dia;Crescente;Céu Claro;Múltipla;Reta;Sim;3;2
382121;2021-09-07;terça-feira;18:55:00;SP;116;187.0;SANTA ISABEL;Ingestão de álcool pelo condutor;Engavetamento;Sem Vítimas;Anoitecer;Decrescente;Céu Claro;Múltipla;Reta;Não;3;3
382211;2021-08-06;sexta-feira;08:55:00;SP;116;142.0;SAO JOSE DOS CAMPOS;Ausência de reação do condutor;Colisão lateral mesmo sentido;Com Vítimas Feridas;Pleno dia;Crescente;Céu Claro;Dupla;Reta;Sim;1;1
382253;2021-09-08;quarta-feira;12:00:00;SP;116;212.0;GUARULHOS;Ausência de sinalização;Colisão traseira;Com Vítimas Feridas;Pleno dia;Decrescente;Céu Claro;Simples;Reta;Não;2;2
382619;2021-09-10;sexta-feira;10:45:00;SP;116;200.0;ARUJA;Avarias e/ou desgaste excessivo no pneu;Queda de ocupante de veículo;Com Vítimas Feridas;Pleno dia;Crescente;Céu Claro;Simples;Reta;Não;2;1
382660;2021-09-10;sexta-feira;15:40:00;SP;116;157.0;SAO JOSE DOS CAMPOS;Pedestre andava na pista;Atropelamento de Pedestre;Com Vítimas Fatais;Pleno dia;Decrescente;Nublado;Dupla;Reta;Sim;3;1
382856;2021-09-11;sábado;15:20:00;SP;116;111.2;TAUBATE;Acessar a via sem observar a presença dos outros veículos;Colisão lateral mesmo sentido;Com Vítimas Feridas;Pleno dia;Crescente;Céu Claro;Dupla;Reta;Sim;2;2
382884;2021-09-11;sábado;17:00:00;SP;116;212.0;GUARULHOS;Avarias e/ou desgaste excessivo no pneu;Tombamento;Com Vítimas Feridas;Pleno dia;Decrescente;Nublado;Dupla;Reta;Sim;2;1
382920;2021-09-11;sábado;20:20:00;SP;116;216.3;GUARULHOS;Pedestre cruzava a pista fora da faixa;Atropelamento de Pedestre;Com Vítimas Fatais;Plena Noite;Crescente;Céu Claro;Múltipla;Reta;Sim;3;1
382938;2021-09-11;sábado;20:58:00;SP;116;142.0;SAO JOSE DOS CAMPOS;Entrada inopinada do pedestre;Atropelamento de Pedestre;Com Vítimas Feridas;Plena Noite;Decrescente;Céu Claro;Dupla;Reta;Não;2;1
383025;2021-09-12;domingo;07:45:00;SP;116;209.0;GUARULHOS;Acessar a via sem observar a presença dos outros veículos;Colisão traseira;Com Vítimas Feridas;Pleno dia;Decrescente;Céu Claro;Múltipla;Reta;Sim;4;2
383064;2021-09-12;domingo;12:00:00;SP;116;118.0;TAUBATE;Acessar a via sem observar a presença dos outros veículos;Colisão traseira;Sem Vítimas;Pleno dia;Decrescente;Céu Claro;Dupla;Reta;Não;2;2
383080;2021-09-12;domingo;13:40:00;SP;116;219.5;GUARULHOS;Condutor Dormindo;Colisão traseira;Com Vítimas Feridas;Pleno dia;Crescente;Sol;Múltipla;Reta;Não;2;2
383117;2021-09-12;domingo;18:33:00;SP;116;206.0;GUARULHOS;Ausência de reação do condutor;Colisão traseira;Sem Vítimas;Plena Noite;Crescente;Céu Claro;Dupla;Reta;Sim;2;2
383147;2021-09-12;domingo;18:40:00;SP;116;145.0;SAO JOSE DOS CAMPOS;Reação tardia ou ineficiente do condutor;Colisão traseira;Com Vítimas Feridas;Plena Noite;Crescente;Céu Claro;Múltipla;Não Informado;Não;3;3
383154;2021-09-12;domingo;20:45:00;SP;116;123.3;CACAPAVA;Mal súbito do condutor;Saída de leito carroçável;Com Vítimas Feridas;Plena Noite;Decrescente;Céu Claro;Dupla;Reta;Não;2;1
383179;2021-09-12;domingo;20:59:00;SP;116;215.0;GUARULHOS;Ausência de reação do condutor;Colisão com objeto;Sem Vítimas;Plena Noite;Crescente;Nublado;Múltipla;Reta;Sim;1;1
383220;2021-09-13;segunda-feira;02:20:00;SP;116;140.3;SAO JOSE DOS CAMPOS;Condutor Dormindo;Tombamento;Com Vítimas Feridas;Plena Noite;Decrescente;Céu Claro;Dupla;Desvio Temporário;Sim;1;1
383236;2021-09-13;segunda-feira;06:30:00;SP;116;118.0;TAUBATE;Ausência de reação do condutor;Capotamento;Com Vítimas Feridas;Pleno dia;Crescente;Céu Claro;Múltipla;Não Informado;Não;1;1
383252;2021-09-13;segunda-feira;08:10:00;SP;116;220.6;GUARULHOS;Manobra de mudança de faixa;Colisão lateral mesmo sentido;Com Vítimas Feridas;Pleno dia;Crescente;Céu Claro;Múltipla;Reta;Sim;2;2
383259;2021-09-13;segunda-feira;08:10:00;SP;116;227.0;GUARULHOS;Condutor usando celular;Colisão lateral mesmo sentido;Com Vítimas Feridas;Pleno dia;Decrescente;Nublado;Múltipla;Reta;Sim;6;3
383303;2021-09-13;segunda-feira;13:20:00;SP;116;212.0;GUARULHOS;Ausência de reação do condutor;Colisão com objeto;Com Vítimas Feridas;Pleno dia;Decrescente;Nublado;Simples;Reta;Não;1;1
383357;2021-09-13;segunda-feira;19:00:00;SP;116;109.0;TAUBATE;Manobra de mudança de faixa;Queda de ocupante de veículo;Com Vítimas Feridas;Plena Noite;Crescente;Céu Claro;Dupla;Reta;Sim;1;1
383424;2021-09-14;terça-feira;07:20:00;SP;116;140.2;SAO JOSE DOS CAMPOS;Manobra de mudança de faixa;Colisão lateral mesmo sentido;Com Vítimas Feridas;Pleno dia;Crescente;Céu Claro;Dupla;Reta;Não;2;2
383487;2021-09-14;terça-feira;13:50:00;SP;116;223.0;GUARULHOS;Trafegar com motocicleta (ou similar) entre as faixas;Colisão traseira;Com Vítimas Feridas;Pleno dia;Crescente;Céu Claro;Múltipla;Reta;Sim;2;2
383491;2021-09-14;terça-feira;14:30:00;SP;116;190.6;SANTA ISABEL;Avarias e/ou desgaste excessivo no pneu;Queda de ocupante de veículo;Com Vítimas Feridas;Pleno dia;Decrescente;Céu Claro;Dupla;Curva;Não;1;1
383548;2021-09-14;terça-feira;20:20:00;SP;116;138.0;SAO JOSE DOS CAMPOS;Ausência de reação do condutor;Tombamento;Com Vítimas Feridas;Plena Noite;Decrescente;Céu Claro;Dupla;Reta;Sim;1;1
383727;2021-09-15;quarta-feira;20:50:00;SP;116;225.0;GUARULHOS;Acessar a via sem observar a presença dos outros veículos;Engavetamento;Com Vítimas Feridas;Anoitecer;Decrescente;Céu Claro;Múltipla;Reta;Sim;6;5
383746;2021-02-07;domingo;20:40:00;SP;116;144.0;SAO JOSE DOS CAMPOS;Ingestão de álcool e/ou substâncias psicoativas pelo pedestre;Colisão lateral;Sem Vítimas;Plena Noite;Crescente;Céu Claro;Múltipla;Reta;Não;3;2
383775;2021-09-16;quinta-feira;06:40:00;SP;116;229.3;SAO PAULO;Manobra de mudança de faixa;Colisão traseira;Com Vítimas Feridas;Pleno dia;Crescente;Nublado;Múltipla;Reta;Sim;3;2
383807;2021-09-16;quinta-feira;08:59:00;SP;116;224.0;GUARULHOS;Condutor deixou de manter distância do veículo da frente;Colisão traseira;Com Vítimas Feridas;Pleno dia;Crescente;Céu Claro;Múltipla;Reta;Sim;2;2
383818;2021-09-16;quinta-feira;09:30:00;SP;116;146.0;SAO JOSE DOS CAMPOS;Ausência de reação do condutor;Colisão traseira;Com Vítimas Fatais;Pleno dia;Crescente;Nublado;Dupla;Desvio Temporário;Sim;2;2
383919;2021-08-08;domingo;00:05:00;SP;116;101.0;PINDAMONHANGABA;Condutor deixou de manter distância do veículo da frente;Colisão traseira;Com Vítimas Feridas;Plena Noite;Decrescente;Céu Claro;Múltipla;Não Informado;Não;6;4
384112;2021-09-17;sexta-feira;17:40:00;SP;116;146.0;SAO JOSE DOS CAMPOS;Manobra de mudança de faixa;Tombamento;Com Vítimas Feridas;Anoitecer;Decrescente;Nublado;Dupla;Reta;Sim;1;1
384196;2021-09-18;sábado;04:35:00;SP;116;214.0;GUARULHOS;Velocidade Incompatível;Colisão com objeto;Com Vítimas Feridas;Plena Noite;Crescente;Nublado;Múltipla;Não Informado;Sim;2;1
384228;2021-09-18;sábado;07:15:00;SP;116;133.6;CACAPAVA;Ausência de reação do condutor;Saída de leito carroçável;Sem Vítimas;Pleno dia;Decrescente;Céu Claro;Dupla;Desvio Temporário;Sim;2;1
384537;2021-09-19;domingo;16:39:00;SP;116;222.0;SAO PAULO;Condutor Dormindo;Colisão com objeto;Sem Vítimas;Pleno dia;Decrescente;Céu Claro;Múltipla;Reta;Não;1;1
384550;2021-09-19;domingo;18:20:00;SP;116;229.0;SAO PAULO;Objeto estático sobre o leito carroçável;Colisão com objeto;Com Vítimas Feridas;Plena Noite;Decrescente;Céu Claro;Múltipla;Reta;Sim;2;1
384588;2021-09-19;domingo;20:30:00;SP;116;169.0;JACAREI;Entrada inopinada do pedestre;Atropelamento de Pedestre;Com Vítimas Feridas;Plena Noite;Decrescente;Céu Claro;Dupla;Reta;Não;2;1
384665;2021-09-20;segunda-feira;06:10:00;SP;116;227.0;GUARULHOS;Reação tardia ou ineficiente do condutor;Queda de ocupante de veículo;Com Vítimas Feridas;Pleno dia;Decrescente;Nublado;Múltipla;Reta;Sim;1;1
384684;2021-09-20;segunda-feira;07:00:00;SP;116;190.0;SANTA ISABEL;Ausência de reação do condutor;Atropelamento de Pedestre;Com Vítimas Feridas;Amanhecer;Decrescente;Céu Claro;Dupla;Desvio Temporário;Sim;2;1
384721;2021-09-20;segunda-feira;11:00:00;SP;116;225.0;GUARULHOS;Ausência de reação do condutor;Colisão traseira;Com Vítimas Feridas;Pleno dia;Decrescente;Céu Claro;Simples;Reta;Não;2;2
384804;2021-09-20;segunda-feira;19:30:00;SP;116;103.8;TAUBATE;Ausência de reação do condutor;Colisão traseira;Com Vítimas Feridas;Plena Noite;Decrescente;Céu Claro;Dupla;Reta;Não;2;2
384902;2021-09-21;terça-feira;12:20:00;SP;116;113.1;TAUBATE;Manobra de mudança de faixa;Colisão lateral mesmo sentido;Com Vítimas Feridas;Pleno dia;Decrescente;Sol;Dupla;Reta;Não;2;2
385106;2021-09-22;quarta-feira;18:10:00;SP;116;221.0;GUARULHOS;Trafegar com motocicleta (ou similar) entre as faixas;Colisão traseira;Com Vítimas Feridas;Plena Noite;Decrescente;Ignorado;Múltipla;Reta;Sim;2;2
385137;2021-09-14;terça-feira;01:00:00;SP;116;189.0;SANTA ISABEL;Velocidade Incompatível;Saída de leito carroçável;Com Vítimas Feridas;Plena Noite;Decrescente;Céu Claro;Dupla;Reta;Não;1;1
385153;2021-09-22;quarta-feira;22:40:00;SP;116;110.9;TAUBATE;Acessar a via sem observar a presença dos outros veículos;Tombamento;Com Vítimas Feridas;Plena Noite;Decrescente;Nublado;Dupla;Reta;Sim;1;1
385160;2021-09-22;quarta-feira;22:40:00;SP;116;154.0;SAO JOSE DOS CAMPOS;Velocidade Incompatível;Tombamento;Com Vítimas Feridas;Plena Noite;Crescente;Céu Claro;Simples;Curva;Sim;1;1
385210;2021-09-23;quinta-feira;09:50:00;SP;116;184.8;SANTA ISABEL;Reação tardia ou ineficiente do condutor;Queda de ocupante de veículo;Sem Vítimas;Pleno dia;Decrescente;Céu Claro;Múltipla;Reta;Não;1;1
385297;2021-09-23;quinta-feira;19:30:00;SP;116;109.0;TAUBATE;Trafegar com motocicleta (ou similar) entre as faixas;Colisão lateral mesmo sentido;Com Vítimas Feridas;Plena Noite;Decrescente;Nublado;Dupla;Reta;Não;3;3
385364;2021-09-24;sexta-feira;08:15:00;SP;116;145.0;SAO JOSE DOS CAMPOS;Reação tardia ou ineficiente do condutor;Colisão traseira;Com Vítimas Feridas;Pleno dia;Crescente;Céu Claro;Múltipla;Reta;Não;3;2
385373;2021-09-24;sexta-feira;09:14:00;SP;116;150.3;SAO JOSE DOS CAMPOS;Velocidade Incompatível;Tombamento;Com Vítimas Feridas;Pleno dia;Decrescente;Céu Claro;Múltipla;Desvio Temporário;Sim;1;1
385375;2021-09-24;sexta-feira;09:15:00;SP;116;145.0;SAO JOSE DOS CAMPOS;Ingestão de álcool pelo condutor;Colisão traseira;Com Vítimas Feridas;Pleno dia;Decrescente;Céu Claro;Dupla;Reta;Sim;3;2
385503;2021-09-24;sexta-feira;19:50:00;SP;116;147.9;SAO JOSE DOS CAMPOS;Ausência de reação do condutor;Colisão traseira;Sem Vítimas;Plena Noite;Decrescente;Nublado;Dupla;Reta;Sim;2;2
385557;2021-09-24;sexta-feira;23:45:00;SP;116;118.0;TAUBATE;Ausência de reação do condutor;Colisão traseira;Com Vítimas Feridas;Plena Noite;Decrescente;Céu Claro;Dupla;Reta;Não;3;3
385625;2021-09-25;sábado;09:28:00;SP;116;177.0;GUARAREMA;Velocidade Incompatível;Colisão com objeto;Com Vítimas Feridas;Pleno dia;Decrescente;Céu Claro;Dupla;Reta;Sim;3;1
385715;2021-09-25;sábado;19:20:00;SP;116;105.4;TAUBATE;Condutor deixou de manter distância do veículo da frente;Tombamento;Com Vítimas Feridas;Plena Noite;Decrescente;Nublado;Dupla;Reta;Não;2;1
385758;2021-09-25;sábado;23:28:00;SP;116;147.0;SAO JOSE DOS CAMPOS;Velocidade Incompatível;Saída de leito carroçável;Sem Vítimas;Plena Noite;Crescente;Céu Claro;Dupla;Interseção de vias;Sim;1;1
385797;2021-09-26;domingo;05:00:00;SP;116;229.6;SAO PAULO;Ausência de reação do condutor;Saída de leito carroçável;Sem Vítimas;Amanhecer;Decrescente;Nublado;Múltipla;Reta;Sim;1;1
385826;2021-09-26;domingo;07:44:00;SP;116;223.0;GUARULHOS;Reação tardia ou ineficiente do condutor;Colisão com objeto;Com Vítimas Feridas;Pleno dia;Decrescente;Céu Claro;Dupla;Reta;Sim;1;1
385972;2021-09-26;domingo;20:50:00;SP;116;222.7;GUARULHOS;Estacionar ou parar em local proibido;Colisão traseira;Sem Vítimas;Plena Noite;Decrescente;Céu Claro;Múltipla;Reta;Sim;3;3
386021;2021-09-27;segunda-feira;01:00:00;SP;116;126.0;CACAPAVA;Velocidade Incompatível;Saída de leito carroçável;Sem Vítimas;Plena Noite;Decrescente;Céu Claro;Dupla;Reta;Sim;1;1
386067;2021-09-27;segunda-feira;07:50:00;SP;116;222.0;GUARULHOS;Demais falhas mecânicas ou elétricas;Colisão com objeto;Sem Vítimas;Pleno dia;Decrescente;Céu Claro;Múltipla;Reta;Sim;1;1
386091;2021-09-27;segunda-feira;10:15:00;SP;116;227.0;SAO PAULO;Avarias e/ou desgaste excessivo no pneu;Colisão traseira;Com Vítimas Feridas;Pleno dia;Decrescente;Céu Claro;Múltipla;Reta;Sim;2;2
386140;2021-09-27;segunda-feira;14:50:00;SP;116;170.0;JACAREI;Objeto estático sobre o leito carroçável;Queda de ocupante de veículo;Com Vítimas Feridas;Pleno dia;Decrescente;Céu Claro;Dupla;Reta;Não;1;1
386232;2021-09-28;terça-feira;06:45:00;SP;116;219.0;GUARULHOS;Condutor deixou de manter distância do veículo da frente;Colisão traseira;Com Vítimas Feridas;Pleno dia;Crescente;Céu Claro;Múltipla;Reta;Não;3;2
386253;2021-09-28;terça-feira;09:11:00;SP;116;229.0;SAO PAULO;Manobra de mudança de faixa;Colisão traseira;Com Vítimas Feridas;Pleno dia;Crescente;Céu Claro;Múltipla;Desvio Temporário;Sim;2;2
386290;2021-09-28;terça-feira;12:50:00;SP;116;146.2;SAO JOSE DOS CAMPOS;Reação tardia ou ineficiente do condutor;Colisão com objeto;Com Vítimas Feridas;Pleno dia;Crescente;Céu Claro;Dupla;Reta;Sim;2;1
386399;2021-09-29;quarta-feira;07:00:00;SP;116;105.9;TAUBATE;Ausência de reação do condutor;Atropelamento de Pedestre;Com Vítimas Feridas;Pleno dia;Decrescente;Céu Claro;Dupla;Reta;Sim;2;1
386589;2021-09-30;quinta-feira;07:30:00;SP;116;221.0;GUARULHOS;Reação tardia ou ineficiente do condutor;Engavetamento;Com Vítimas Feridas;Pleno dia;Decrescente;Céu Claro;Múltipla;Reta;Sim;6;3
386635;2021-09-30;quinta-feira;11:35:00;SP;116;166.0;JACAREI;Acesso irregular;Tombamento;Com Vítimas Feridas;Pleno dia;Crescente;Sol;Dupla;Interseção de vias;Sim;1;1
386684;2021-09-30;quinta-feira;17:45:00;SP;116;194.0;SANTA ISABEL;Demais falhas mecânicas ou elétricas;Tombamento;Com Vítimas Feridas;Anoitecer;Decrescente;Nublado;Dupla;Reta;Não;2;1
386981;2021-10-02;sábado;00:10:00;SP;116;153.0;SAO JOSE DOS CAMPOS;Condutor deixou de manter distância do veículo da frente;Colisão traseira;Com Vítimas Feridas;Plena Noite;Decrescente;Céu Claro;Dupla;Reta;Sim;2;2
386986;2021-10-02;sábado;01:20:00;SP;116;150.0;SAO JOSE DOS CAMPOS;Reação tardia ou ineficiente do condutor;Colisão com objeto;Sem Vítimas;Plena Noite;Crescente;Nublado;Múltipla;Reta;Sim;1;1
387029;2021-10-02;sábado;05:45:00;SP;116;128.0;CACAPAVA;Reação tardia ou ineficiente do condutor;Atropelamento de Pedestre;Com Vítimas Feridas;Pleno dia;Decrescente;Céu Claro;Dupla;Reta;Não;2;1
387252;2021-10-03;domingo;05:16:00;SP;116;217.5;GUARULHOS;Ultrapassagem Indevida;Colisão traseira;Com Vítimas Feridas;Amanhecer;Crescente;Nublado;Múltipla;Não Informado;Não;5;2
387329;2021-10-03;domingo;14:05:00;SP;116;182.0;SANTA ISABEL;Acumulo de água sobre o pavimento;Colisão com objeto;Com Vítimas Feridas;Pleno dia;Crescente;Chuva;Dupla;Curva;Não;5;1
387331;2021-10-03;domingo;14:15:00;SP;116;173.2;GUARAREMA;Acumulo de água sobre o pavimento;Capotamento;Com Vítimas Feridas;Pleno dia;Crescente;Chuva;Dupla;Curva;Não;1;1
387351;2021-10-03;domingo;16:40:00;SP;116;212.0;GUARULHOS;Velocidade Incompatível;Colisão com objeto;Sem Vítimas;Pleno dia;Crescente;Chuva;Dupla;Reta;Sim;1;1
387413;2021-10-03;domingo;20:12:00;SP;116;207.0;GUARULHOS;Trafegar com motocicleta (ou similar) entre as faixas;Colisão lateral mesmo sentido;Com Vítimas Feridas;Plena Noite;Crescente;Garoa/Chuvisco;Dupla;Reta;Sim;2;2
387414;2021-10-03;domingo;20:00:00;SP;116;205.0;ARUJA;Reação tardia ou ineficiente do condutor;Colisão traseira;Sem Vítimas;Plena Noite;Crescente;Chuva;Dupla;Curva;Não;2;2
387478;2021-10-04;segunda-feira;03:10:00;SP;116;148.0;SAO JOSE DOS CAMPOS;Condutor Dormindo;Colisão com objeto;Com Vítimas Feridas;Plena Noite;Crescente;Céu Claro;Dupla;Reta;Sim;4;2