id;data_inversa;dia_semana;horario;uf;br;km;municipio;causa_acidente;tipo_acidente;classificacao_acidente;fase_dia;sentido_via;condicao_metereologica;tipo_pista;tracado_via;uso_solo;pessoas;veiculos
387515;2021-10-04;segunda-feira;08:25:00;SP;116;205.0;ARUJA;Condutor deixou de manter distância do veículo da frente;Colisão traseira;Com Vítimas Feridas;Pleno dia;Crescente;Nublado;Múltipla;Reta;Sim;2;2
387531;2021-10-04;segunda-feira;11:00:00;SP;116;112.0;TAUBATE;Condutor deixou de manter distância do veículo da frente;Colisão traseira;Com Vítimas Feridas;Pleno dia;Decrescente;Céu Claro;Dupla;Reta;Sim;2;2
387604;2021-10-04;segunda-feira;18:28:00;SP;116;210.0;GUARULHOS;Condutor deixou de manter distância do veículo da frente;Colisão traseira;Com Vítimas Feridas;Plena Noite;Crescente;Nublado;Dupla;Reta;Não;2;2
387713;2021-10-05;terça-feira;08:40:00;SP;116;226.0;GUARULHOS;Condutor deixou de manter distância do veículo da frente;Engavetamento;Com Vítimas Feridas;Pleno dia;Crescente;Céu Claro;Múltipla;Reta;Sim;4;3
387714;2021-10-05;terça-feira;08:30:00;SP;116;225.0;GUARULHOS;Condutor deixou de manter distância do veículo da frente;Colisão traseira;Com Vítimas Feridas;Pleno dia;Crescente;Nublado;Múltipla;Reta;Sim;3;2
387854;2021-10-06;quarta-feira;05:35:00;SP;116;116.8;TAUBATE;Ingestão de álcool pelo condutor;Colisão traseira;Com Vítimas Feridas;Amanhecer;Decrescente;Céu Claro;Dupla;Curva;Não;1;1
387868;2021-10-06;quarta-feira;07:00:00;SP;116;223.0;GUARULHOS;Condutor deixou de manter distância do veículo da frente;Colisão traseira;Com Vítimas Feridas;Pleno dia;Crescente;Céu Claro;Múltipla;Reta;Sim;2;2
387895;2021-10-06;quarta-feira;07:50:00;SP;116;227.0;GUARULHOS;Condutor deixou de manter distância do veículo da frente;Colisão traseira;Com Vítimas Feridas;Pleno dia;Crescente;Céu Claro;Múltipla;Não Informado;Sim;3;2
387910;2021-10-06;quarta-feira;12:40:00;SP;116;229.6;SAO PAULO;Entrada inopinada do pedestre;Atropelamento de Pedestre;Com Vítimas Fatais;Pleno dia;Crescente;Sol;Múltipla;Reta;Não;2;1
387928;2021-10-06;quarta-feira;15:22:00;SP;116;211.0;GUARULHOS;Reação tardia ou ineficiente do condutor;Colisão traseira;Sem Vítimas;Pleno dia;Decrescente;Céu Claro;Múltipla;Reta;Sim;2;2
387990;2021-10-06;quarta-feira;23:20:00;SP;116;209.0;GUARULHOS;Demais falhas mecânicas ou elétricas;Incêndio;Sem Vítimas;Plena Noite;Crescente;Nublado;Múltipla;Não Informado;Sim;1;1
388159;2021-10-07;quinta-feira;19:20:00;SP;116;144.0;SAO JOSE DOS CAMPOS;Condutor deixou de manter distância do veículo da frente;Colisão traseira;Com Vítimas Feridas;Plena Noite;Decrescente;Nublado;Dupla;Reta;Sim;2;2
388192;2021-08-28;sábado;19:00:00;SP;116;149.0;SAO JOSE DOS CAMPOS;Condutor deixou de manter distância do veículo da frente;Colisão traseira;Com Vítimas Feridas;Plena Noite;Crescente;Céu Claro;Dupla;Reta;Não;2;2
388229;2021-10-08;sexta-feira;07:00:00;SP;116;210.0;GUARULHOS;Trafegar com motocicleta (ou similar) entre as faixas;Colisão traseira;Com Vítimas Feridas;Pleno dia;Crescente;Nublado;Múltipla;Não Informado;Sim;3;3
388278;2021-10-08;sexta-feira;11:25:00;SP;116;219.0;GUARULHOS;Reação tardia ou ineficiente do condutor;Engavetamento;Com Vítimas Feridas;Pleno dia;Crescente;Céu Claro;Dupla;Reta;Sim;3;3
388411;2021-10-08;sexta-feira;23:00:00;SP;116;221.0;GUARULHOS;Deficiência do Sistema de Iluminação/Sinalização;Colisão traseira;Com Vítimas Feridas;Plena Noite;Decrescente;Céu Claro;Múltipla;Reta;Sim;2;2
388432;2021-10-09;sábado;01:40:00;SP;116;158.0;SAO JOSE DOS CAMPOS;Ausência de reação do condutor;Eventos atípicos;Com Vítimas Fatais;Plena Noite;Decrescente;Vento;Múltipla;Não Informado;Não;2;1
388436;2021-10-09;sábado;00:30:00;SP;116;217.0;GUARULHOS;Entrada inopinada do pedestre;Atropelamento de Pedestre;Com Vítimas Feridas;Plena Noite;Decrescente;Céu Claro;Dupla;Reta;Não;2;1
388463;2021-10-09;sábado;03:50:00;SP;116;152.0;SAO JOSE DOS CAMPOS;Acessar a via sem observar a presença dos outros veículos;Colisão traseira;Com Vítimas Feridas;Plena Noite;Decrescente;Nublado;Dupla;Reta;Sim;3;2
388464;2021-10-09;sábado;04:00:00;SP;116;226.0;GUARULHOS;Ingestão de álcool e/ou substâncias psicoativas pelo pedestre;Colisão traseira;Com Vítimas Feridas;Plena Noite;Crescente;Nublado;Múltipla;Reta;Sim;2;2
388570;2021-10-09;sábado;13:20:00;SP;116;110.2;TAUBATE;Condutor deixou de manter distância do veículo da frente;Colisão traseira;Com Vítimas Feridas;Pleno dia;Decrescente;Nublado;Dupla;Reta;Sim;2;2
388600;2021-10-09;sábado;15:30:00;SP;116;104.8;TAUBATE;Reação tardia ou ineficiente do condutor;Colisão lateral mesmo sentido;Com Vítimas Feridas;Pleno dia;Crescente;Garoa/Chuvisco;Dupla;Não Informado;Não;2;2
388705;2021-10-09;sábado;22:20:00;SP;116;142.0;SAO JOSE DOS CAMPOS;Pedestre andava na pista;Atropelamento de Pedestre;Com Vítimas Fatais;Plena Noite;Decrescente;Garoa/Chuvisco;Dupla;Curva;Não;5;1
388764;2021-10-10;domingo;03:35:00;SP;116;147.0;SAO JOSE DOS CAMPOS;Manobra de mudança de faixa;Atropelamento de Pedestre;Com Vítimas Feridas;Plena Noite;Decrescente;Garoa/Chuvisco;Múltipla;Reta;Não;3;1
388766;2021-10-10;domingo;04:00:00;SP;116;121.3;CACAPAVA;Chuva;Atropelamento de Pedestre;Com Vítimas Fatais;Plena Noite;Decrescente;Chuva;Dupla;Reta;Não;3;1
388773;2021-10-10;domingo;05:00:00;SP;116;158.0;SAO JOSE DOS CAMPOS;Reação tardia ou ineficiente do condutor;Colisão com objeto;Sem Vítimas;Amanhecer;Crescente;Nublado;Simples;Não Informado;Não;1;1
388898;2021-10-10;domingo;16:35:00;SP;116;147.5;SAO JOSE DOS CAMPOS;Manobra de mudança de faixa;Colisão traseira;Com Vítimas Feridas;Pleno dia;Decrescente;Nublado;Múltipla;Reta;Sim;2;2
388952;2021-10-10;domingo;22:05:00;SP;116;220.8;GUARULHOS;Ingestão de álcool pelo condutor;Saída de leito carroçável;Sem Vítimas;Plena Noite;Decrescente;Chuva;Múltipla;Reta;Sim;1;1
389002;2021-10-11;segunda-feira;04:20:00;SP;116;145.7;SAO JOSE DOS CAMPOS;Ausência de reação do condutor;Colisão traseira;Sem Vítimas;Plena Noite;Decrescente;Chuva;Dupla;Reta;Sim;2;2
389112;2021-10-11;segunda-feira;14:48:00;SP;116;148.0;SAO JOSE DOS CAMPOS;Reação tardia ou ineficiente do condutor;Queda de ocupante de veículo;Com Vítimas Feridas;Pleno dia;Decrescente;Chuva;Dupla;Reta;Sim;1;1
389272;2021-10-12;terça-feira;12:50:00;SP;116;149.0;SAO JOSE DOS CAMPOS;Avarias e/ou desgaste excessivo no pneu;Queda de ocupante de veículo;Com Vítimas Feridas;Pleno dia;Crescente;Céu Claro;Dupla;Reta;Sim;2;1
389320;2021-10-12;terça-feira;17:45:00;SP;116;182.0;SANTA ISABEL;Condutor deixou de manter distância do veículo da frente;Colisão traseira;Com Vítimas Feridas;Anoitecer;Crescente;Céu Claro;Dupla;Reta;Não;5;2
389336;2021-10-12;terça-feira;17:30:00;SP;116;134.0;CACAPAVA;Transitar no acostamento;Atropelamento de Pedestre;Sem Vítimas;Anoitecer;Crescente;Chuva;Dupla;Reta;Sim;3;1
389437;2021-10-13;quarta-feira;10:00:00;SP;116;228.0;SAO PAULO;Ausência de reação do condutor;Colisão traseira;Com Vítimas Feridas;Pleno dia;Crescente;Céu Claro;Múltipla;Reta;Não;3;2
389477;2021-10-13;quarta-feira;15:10:00;SP;116;165.0;JACAREI;Reação tardia ou ineficiente do condutor;Colisão traseira;Com Vítimas Feridas;Pleno dia;Decrescente;Céu Claro;Dupla;Reta;Não;2;2
389577;2021-10-14;quinta-feira;07:02:00;SP;116;175.0;JACAREI;Avarias e/ou desgaste excessivo no pneu;Tombamento;Com Vítimas Feridas;Pleno dia;Decrescente;Céu Claro;Dupla;Reta;Não;1;1
389579;2021-10-14;quinta-feira;07:40:00;SP;116;219.0;GUARULHOS;Reação tardia ou ineficiente do condutor;Colisão traseira;Com Vítimas Feridas;Pleno dia;Crescente;Céu Claro;Múltipla;Reta;Sim;2;2
389597;2021-10-14;quinta-feira;08:20:00;SP;116;221.0;GUARULHOS;Condutor deixou de manter distância do veículo da frente;Queda de ocupante de veículo;Com Vítimas Feridas;Pleno dia;Crescente;Nublado;Múltipla;Reta;Não;2;2
389615;2021-10-14;quinta-feira;10:20:00;SP;116;112.0;TAUBATE;Reação tardia ou ineficiente do condutor;Saída de leito carroçável;Com Vítimas Feridas;Pleno dia;Decrescente;Céu Claro;Dupla;Não Informado;Sim;1;1
389672;2021-10-14;quinta-feira;18:00:00;SP;116;216.1;GUARULHOS;Condutor deixou de manter distância do veículo da frente;Colisão traseira;Com Vítimas Feridas;Plena Noite;Decrescente;Chuva;Múltipla;Reta;Não;2;2
389764;2021-10-15;sexta-feira;08:00:00;SP;116;209.5;GUARULHOS;Problema com o freio;Colisão lateral mesmo sentido;Com Vítimas Feridas;Pleno dia;Crescente;Céu Claro;Dupla;Reta;Não;2;2
389805;2021-10-15;sexta-feira;10:55:00;SP;116;220.0;GUARULHOS;Trafegar com motocicleta (ou similar) entre as faixas;Colisão traseira;Com Vítimas Feridas;Pleno dia;Crescente;Céu Claro;Múltipla;Reta;Sim;4;2
389806;2021-10-15;sexta-feira;11:10:00;SP;116;212.0;GUARULHOS;Demais falhas mecânicas ou elétricas;Tombamento;Com Vítimas Feridas;Pleno dia;Crescente;Céu Claro;Dupla;Reta;Sim;1;1
389823;2021-10-15;sexta-feira;13:30:00;SP;116;188.8;SANTA ISABEL;Ausência de reação do condutor;Queda de ocupante de veículo;Com Vítimas Feridas;Pleno dia;Crescente;Céu Claro;Dupla;Reta;Não;1;1
389833;2021-10-15;sexta-feira;14:30:00;SP;116;121.2;CACAPAVA;Manobra de mudança de faixa;Colisão com objeto;Com Vítimas Feridas;Pleno dia;Decrescente;Céu Claro;Dupla;Reta;Não;1;1
390136;2021-10-16;sábado;20:10:00;SP;116;146.7;SAO JOSE DOS CAMPOS;Reação tardia ou ineficiente do condutor;Tombamento;Com Vítimas Fatais;Plena Noite;Decrescente;Céu Claro;Dupla;Reta;Não;2;2
390263;2021-10-17;domingo;12:12:00;SP;116;216.1;GUARULHOS;Demais falhas mecânicas ou elétricas;Colisão lateral mesmo sentido;Com Vítimas Feridas;Pleno dia;Decrescente;Garoa/Chuvisco;Múltipla;Reta;Sim;4;2
390340;2021-10-17;domingo;20:00:00;SP;116;185.2;SANTA ISABEL;Ausência de reação do condutor;Colisão com objeto;Com Vítimas Feridas;Plena Noite;Crescente;Nublado;Dupla;Não Informado;Não;5;1
390385;2021-10-18;segunda-feira;02:00:00;SP;116;228.3;SAO PAULO;Reação tardia ou ineficiente do condutor;Colisão traseira;Com Vítimas Fatais;Plena Noite;Decrescente;Chuva;Múltipla;Reta;Sim;1;1
390422;2021-10-18;segunda-feira;08:00:00;SP;116;137.0;SAO JOSE DOS CAMPOS;Reação tardia ou ineficiente do condutor;Colisão traseira;Com Vítimas Feridas;Pleno dia;Crescente;Nublado;Dupla;Reta;Sim;2;2
390481;2021-10-18;segunda-feira;14:40:00;SP;116;130.0;CACAPAVA;Acumulo de água sobre o pavimento;Colisão com objeto;Com Vítimas Feridas;Pleno dia;Decrescente;Chuva;Dupla;Reta;Não;2;1
390590;2021-10-19;terça-feira;06:15:00;SP;116;103.4;TAUBATE;Velocidade Incompatível;Colisão lateral mesmo sentido;Com Vítimas Feridas;Pleno dia;Decrescente;Nublado;Dupla;Reta;Não;2;2
390641;2021-04-21;quarta-feira;20:30:00;SP;116;229.5;SAO PAULO;Reação tardia ou ineficiente do condutor;Colisão traseira;Com Vítimas Fatais;Plena Noite;Crescente;Nublado;Múltipla;Reta;Sim;3;2
390670;2021-10-19;terça-feira;15:45:00;SP;116;213.0;GUARULHOS;Reação tardia ou ineficiente do condutor;Colisão com objeto;Sem Vítimas;Pleno dia;Decrescente;Garoa/Chuvisco;Múltipla;Reta;Sim;1;1
390698;2021-10-19;terça-feira;15:20:00;SP;116;145.0;SAO JOSE DOS CAMPOS;Ausência de reação do condutor;Colisão traseira;Com Vítimas Feridas;Pleno dia;Crescente;Nublado;Simples;Desvio Temporário;Sim;3;2
390741;2021-10-19;terça-feira;21:50:00;SP;116;115.0;TAUBATE;Chuva;Tombamento;Com Vítimas Feridas;Plena Noite;Decrescente;Chuva;Dupla;Reta;Sim;1;1
390749;2021-10-19;terça-feira;23:20:00;SP;116;116.0;TAUBATE;Ingestão de álcool pelo condutor;Colisão traseira;Sem Vítimas;Plena Noite;Decrescente;Chuva;Dupla;Reta;Não;2;2
390948;2021-10-21;quinta-feira;06:45:00;SP;116;218.0;GUARULHOS;Trafegar com motocicleta (ou similar) entre as faixas;Colisão lateral mesmo sentido;Com Vítimas Feridas;Pleno dia;Decrescente;Céu Claro;Múltipla;Reta;Sim;2;2
391025;2021-10-21;quinta-feira;15:32:00;SP;116;146.0;SAO JOSE DOS CAMPOS;Reação tardia ou ineficiente do condutor;Saída de leito carroçável;Com Vítimas Feridas;Pleno dia;Crescente;Céu Claro;Dupla;Reta;Não;2;2
391188;2021-10-22;sexta-feira;14:05:00;SP;116;124.0;CACAPAVA;Ausência de reação do condutor;Capotamento;Com Vítimas Feridas;Pleno dia;Crescente;Céu Claro;Dupla;Reta;Não;2;1
391201;2021-10-22;sexta-feira;15:00:00;SP;116;208.5;GUARULHOS;Condutor deixou de manter distância do veículo da frente;Colisão traseira;Com Vítimas Feridas;Pleno dia;Crescente;Sol;Múltipla;Reta;Sim;2;2
391221;2021-10-22;sexta-feira;16:45:00;SP;116;108.0;TAUBATE;Reação tardia ou ineficiente do condutor;Colisão traseira;Com Vítimas Feridas;Pleno dia;Crescente;Céu Claro;Dupla;Reta;Sim;3;2
391253;2021-10-14;quinta-feira;16:00:00;SP;116;211.0;GUARULHOS;Manobra de mudança de faixa;Colisão lateral mesmo sentido;Com Vítimas Feridas;Pleno dia;Decrescente;Ignorado;Múltipla;Reta;Sim;1;1
391489;2021-10-23;sábado;19:45:00;SP;116;207.0;GUARULHOS;Ausência de reação do condutor;Colisão traseira;Sem Vítimas;Plena Noite;Crescente;Céu Claro;Dupla;Reta;Sim;2;2
391523;2021-10-23;sábado;18:30:00;SP;116;161.4;JACAREI;Acessar a via sem observar a presença dos outros veículos;Colisão transversal;Com Vítimas Fatais;Plena Noite;Decrescente;Céu Claro;Dupla;Reta;Sim;1;1
391566;2021-10-24;domingo;02:10:00;SP;116;216.0;GUARULHOS;Acumulo de água sobre o pavimento;Saída de leito carroçável;Sem Vítimas;Plena Noite;Crescente;Chuva;Dupla;Reta;Não;1;1
391571;2021-10-24;domingo;03:00:00;SP;116;225.5;GUARULHOS;Acumulo de água sobre o pavimento;Colisão com objeto;Com Vítimas Feridas;Plena Noite;Crescente;Chuva;Múltipla;Não Informado;Sim;2;2
391572;2021-10-24;domingo;02:30:00;SP;116;229.5;SAO PAULO;Ingestão de álcool pelo condutor;Saída de leito carroçável;Sem Vítimas;Plena Noite;Decrescente;Chuva;Dupla;Reta;Sim;1;1
391585;2021-10-24;domingo;05:00:00;SP;116;216.0;GUARULHOS;Ingestão de álcool pelo condutor;Colisão com objeto;Sem Vítimas;Amanhecer;Decrescente;Chuva;Múltipla;Reta;Sim;1;1
391831;2021-10-25;segunda-feira;07:53:00;SP;116;156.0;SAO JOSE DOS CAMPOS;Ausência de reação do condutor;Colisão traseira;Com Vítimas Feridas;Pleno dia;Decrescente;Nublado;Dupla;Reta;Sim;2;2
391840;2021-10-25;segunda-feira;08:30:00;SP;116;218.0;GUARULHOS;Manobra de mudança de faixa;Colisão lateral mesmo sentido;Com Vítimas Feridas;Pleno dia;Crescente;Céu Claro;Múltipla;Reta;Sim;2;2
392168;2021-10-27;quarta-feira;07:55:00;SP;116;220.0;GUARULHOS;Manobra de mudança de faixa;Colisão lateral mesmo sentido;Com Vítimas Feridas;Pleno dia;Crescente;Céu Claro;Dupla;Reta;Não;2;2
392266;2021-10-27;quarta-feira;17:55:00;SP;116;225.5;GUARULHOS;Velocidade Incompatível;Tombamento;Com Vítimas Feridas;Anoitecer;Decrescente;Chuva;Dupla;Reta;Sim;1;1
392414;2021-10-28;quinta-feira;11:20:00;SP;116;138.6;SAO JOSE DOS CAMPOS;Condutor deixou de manter distância do veículo da frente;Colisão traseira;Com Vítimas Feridas;Pleno dia;Decrescente;Nublado;Dupla;Reta;Não;3;2
392527;2021-10-29;sexta-feira;01:40:00;SP;116;210.0;GUARULHOS;Ingestão de álcool ou de substâncias psicoativas pelo pedestre;Tombamento;Com Vítimas Feridas;Plena Noite;Decrescente;Céu Claro;Dupla;Reta;Sim;1;1
392530;2021-10-29;sexta-feira;03:45:00;SP;116;128.9;CACAPAVA;Reação tardia ou ineficiente do condutor;Colisão com objeto;Com Vítimas Feridas;Plena Noite;Crescente;Nublado;Dupla;Reta;Sim;1;1
392545;2021-10-29;sexta-feira;07:20:00;SP;116;119.4;CACAPAVA;Demais falhas mecânicas ou elétricas;Tombamento;Com Vítimas Feridas;Pleno dia;Crescente;Nublado;Dupla;Reta;Não;1;1
392610;2021-10-29;sexta-feira;14:10:00;SP;116;223.0;GUARULHOS;Trafegar com motocicleta (ou similar) entre as faixas;Colisão traseira;Com Vítimas Feridas;Pleno dia;Crescente;Nublado;Múltipla;Reta;Não;2;2
392629;2021-10-29;sexta-feira;15:05:00;SP;116;146.0;SAO JOSE DOS CAMPOS;Mal súbito do condutor;Colisão lateral mesmo sentido;Com Vítimas Feridas;Pleno dia;Crescente;Céu Claro;Dupla;Reta;Não;2;2
392726;2021-10-30;sábado;00:10:00;SP;116;194.0;ARUJA;Animais na Pista;Atropelamento de Animal;Sem Vítimas;Plena Noite;Crescente;Céu Claro;Múltipla;Reta;Não;1;1
392728;2021-10-29;sexta-feira;23:40:00;SP;116;107.0;TAUBATE;Reação tardia ou ineficiente do condutor;Colisão lateral mesmo sentido;Com Vítimas Feridas;Plena Noite;Decrescente;Céu Claro;Dupla;Reta;Não;3;3
392763;2021-10-30;sábado;06:15:00;SP;116;228.0;SAO PAULO;Condutor Dormindo;Colisão com objeto;Com Vítimas Feridas;Pleno dia;Decrescente;Nublado;Múltipla;Reta;Sim;2;2
392801;2021-10-30;sábado;08:50:00;SP;116;102.8;PINDAMONHANGABA;Condutor deixou de manter distância do veículo da frente;Colisão traseira;Com Vítimas Feridas;Pleno dia;Decrescente;Sol;Dupla;Reta;Sim;2;2
392830;2021-10-30;sábado;12:25:00;SP;116;131.7;CACAPAVA;Condutor deixou de manter distância do veículo da frente;Colisão traseira;Sem Vítimas;Pleno dia;Decrescente;Nublado;Dupla;Reta;Não;2;2
392835;2021-10-30;sábado;12:00:00;SP;116;192.5;SANTA ISABEL;Problema na suspensão;Tombamento;Com Vítimas Feridas;Pleno dia;Decrescente;Céu Claro;Dupla;Não Informado;Não;1;1
392888;2021-10-30;sábado;17:15:00;SP;116;137.0;SAO JOSE DOS CAMPOS;Velocidade Incompatível;Colisão com objeto;Com Vítimas Feridas;Pleno dia;Decrescente;Nublado;Dupla;Reta;Não;1;1
392949;2021-10-30;sábado;20:30:00;SP;116;220.5;GUARULHOS;Ingestão de álcool pelo condutor;Colisão traseira;Sem Vítimas;Plena Noite;Decrescente;Nublado;Múltipla;Reta;Sim;2;2
393000;2021-10-31;domingo;03:00:00;SP;116;209.0;GUARULHOS;Ausência de reação do condutor;Capotamento;Com Vítimas Feridas;Plena Noite;Decrescente;Nublado;Dupla;Não Informado;Sim;1;1
393157;2021-10-31;domingo;19:55:00;SP;116;141.1;SAO JOSE DOS CAMPOS;Ausência de sinalização;Colisão traseira;Com Vítimas Feridas;Plena Noite;Crescente;Chuva;Dupla;Reta;Sim;1;1
393164;2021-10-31;domingo;20:00:00;SP;116;146.0;SAO JOSE DOS CAMPOS;Reação tardia ou ineficiente do condutor;Colisão transversal;Com Vítimas Feridas;Plena Noite;Decrescente;Chuva;Dupla;Reta;Sim;2;2
393222;2021-11-01;segunda-feira;04:49:00;SP;116;215.0;GUARULHOS;Ausência de reação do condutor;Colisão traseira;Sem Vítimas;Amanhecer;Decrescente;Chuva;Múltipla;Reta;Sim;3;3
393322;2021-11-01;segunda-feira;16:50:00;SP;116;201.0;ARUJA;Acesso irregular;Colisão traseira;Com Vítimas Feridas;Pleno dia;Decrescente;Nublado;Múltipla;Reta;Não;2;2
393339;2021-11-01;segunda-feira;17:50:00;SP;116;149.7;SAO JOSE DOS CAMPOS;Ingestão de álcool pelo condutor;Colisão com objeto;Sem Vítimas;Anoitecer;Crescente;Nublado;Múltipla;Reta;Sim;1;1
393344;2021-11-01;segunda-feira;18:20:00;SP;116;213.0;GUARULHOS;Reação tardia ou ineficiente do condutor;Colisão com objeto;Com Vítimas Feridas;Plena Noite;Decrescente;Céu Claro;Múltipla;Reta;Sim;3;3
393372;2021-11-01;segunda-feira;21:10:00;SP;116;151.8;SAO JOSE DOS CAMPOS;Manobra de mudança de faixa;Queda de ocupante de veículo;Com Vítimas Feridas;Plena Noite;Decrescente;Céu Claro;Dupla;Reta;Sim;5;5
393391;2021-11-01;segunda-feira;23:15:00;SP;116;225.0;GUARULHOS;Ausência de reação do condutor;Colisão traseira;Sem Vítimas;Plena Noite;Decrescente;Céu Claro;Múltipla;Reta;Sim;2;2
393462;2021-11-02;terça-feira;11:30:00;SP;116;133.8;SAO JOSE DOS CAMPOS;Velocidade Incompatível;Colisão traseira;Com Vítimas Feridas;Pleno dia;Crescente;Sol;Dupla;Reta;Não;2;2
393479;2021-10-05;terça-feira;08:30:00;SP;116;229.0;SAO PAULO;Reação tardia ou ineficiente do condutor;Colisão lateral mesmo sentido;Com Vítimas Feridas;Pleno dia;Crescente;Nublado;Múltipla;Reta;Sim;3;3
393523;2021-11-02;terça-feira;13:40:00;SP;116;220.0;GUARULHOS;Objeto estático sobre o leito carroçável;Colisão com objeto;Com Vítimas Feridas;Pleno dia;Decrescente;Céu Claro;Múltipla;Reta;Sim;2;1
393574;2021-11-03;quarta-feira;04:00:00;SP;116;223.0;GUARULHOS;Ausência de reação do condutor;Colisão com objeto;Sem Vítimas;Amanhecer;Decrescente;Céu Claro;Múltipla;Reta;Sim;2;1
393575;2021-11-03;quarta-feira;05:00:00;SP;116;212.0;GUARULHOS;Pedestre andava na pista;Atropelamento de Pedestre;Com Vítimas Fatais;Amanhecer;Decrescente;Nublado;Múltipla;Desvio Temporário;Sim;2;1
393579;2021-11-03;quarta-feira;05:55:00;SP;116;212.0;GUARULHOS;Condutor deixou de manter distância do veículo da frente;Colisão traseira;Sem Vítimas;Pleno dia;Decrescente;Céu Claro;Múltipla;Reta;Não;7;2
393773;2021-11-04;quinta-feira;08:05:00;SP;116;144.5;SAO JOSE DOS CAMPOS;Condutor deixou de manter distância do veículo da frente;Colisão traseira;Com Vítimas Feridas;Pleno dia;Crescente;Céu Claro;Múltipla;Não Informado;Sim;2;2
393787;2021-11-04;quinta-feira;09:10:00;SP;116;141.0;SAO JOSE DOS CAMPOS;Manobra de mudança de faixa;Colisão traseira;Com Vítimas Feridas;Pleno dia;Crescente;Sol;Dupla;Reta;Sim;2;2
393874;2021-11-04;quinta-feira;20:38:00;SP;116;224.0;GUARULHOS;Entrada inopinada do pedestre;Atropelamento de Pedestre;Com Vítimas Fatais;Plena Noite;Crescente;Céu Claro;Múltipla;Reta;Sim;2;1
393901;2021-11-05;sexta-feira;00:15:00;SP;116;212.0;GUARULHOS;Ingestão de álcool pelo condutor;Colisão traseira;Com Vítimas Feridas;Plena Noite;Decrescente;Céu Claro;Dupla;Reta;Sim;2;2
393949;2021-11-05;sexta-feira;09:50:00;SP;116;227.0;GUARULHOS;Manobra de mudança de faixa;Colisão lateral mesmo sentido;Com Vítimas Feridas;Pleno dia;Crescente;Sol;Múltipla;Reta;Sim;3;2
394039;2021-11-05;sexta-feira;18:20:00;SP;116;113.4;TAUBATE;Manobra de mudança de faixa;Colisão lateral mesmo sentido;Com Vítimas Feridas;Anoitecer;Decrescente;Nublado;Dupla;Reta;Não;3;3
394053;2021-11-05;sexta-feira;20:10:00;SP;116;215.0;GUARULHOS;Condutor usando celular;Saída de leito carroçável;Com Vítimas Feridas;Plena Noite;Decrescente;Céu Claro;Múltipla;Reta;Sim;1;1
394094;2021-11-06;sábado;03:10:00;SP;116;216.0;GUARULHOS;Transitar na contramão;Colisão frontal;Sem Vítimas;Plena Noite;Decrescente;Céu Claro;Múltipla;Reta;Sim;2;2
394109;2021-11-06;sábado;05:00:00;SP;116;124.8;CACAPAVA;Velocidade Incompatível;Colisão com objeto;Sem Vítimas;Plena Noite;Decrescente;Céu Claro;Dupla;Interseção de vias;Não;1;1
394110;2021-11-06;sábado;05:15:00;SP;116;140.0;SAO JOSE DOS CAMPOS;Reação tardia ou ineficiente do condutor;Saída de leito carroçável;Com Vítimas Feridas;Pleno dia;Decrescente;Céu Claro;Dupla;Reta;Sim;2;1
394146;2021-11-06;sábado;09:20:00;SP;116;202.0;ARUJA;Manobra de mudança de faixa;Colisão lateral mesmo sentido;Com Vítimas Feridas;Pleno dia;Decrescente;Céu Claro;Múltipla;Reta;Sim;3;2
394152;2021-11-06;sábado;10:55:00;SP;116;209.0;GUARULHOS;Ausência de reação do condutor;Colisão traseira;Com Vítimas Feridas;Pleno dia;Crescente;Céu Claro;Múltipla;Reta;Não;3;2